revenues,cost_of_goods_sold,gross_income,sales_expenses,sales_and_admin_expenses,depreciation_expenses,pretax_income,tax_expenses,after_tax_income_operational,after_tax_income_nonoperational,after_tax_income,comprehensive_income,income_per_share,ticker_code,year
17305688.0,13160438.0,4145250.0,337933.0,756418.0,2938505.0,-824876.0,2113629,,2113629,2064015,1044.5,,AALI,2017
267932542391.0,134122652236.0,133809890155.0,7253292651.0,135503850796.0,-32608411780.0,-4391220685.0,-36999632465,,-36999632465,-12307881645,-10.08,,ABBA,2017
,,,,256836736.0,165019709.0,-4197568.0,160822141,,160822141,199028319,259.0,,ABDA,2017
690732993.0,539337965.0,151395028.0,7548138.0,68512466.0,11892729.0,-8093967.0,3798762,,3798762,2945255,0.00202,,ABMM,2017
5938576225065.0,3103860086251.0,2834716138814.0,1401350034406.0,564081902282.0,959980347383.0,-179293532722.0,780686814661,,780686814661,741795436411,45.62,,ACES,2017
3026989.0,,,,,156775.0,-2984.0,153791,,153791,149702,220.0,,ACST,2017
814490.0,375546.0,438944.0,289213.0,82415.0,51095.0,-12853.0,38242,,38242,38623,65.0,,ADES,2017
15156178074776.0,13098371731392.0,2057806343384.0,27077479789.0,553999254807.0,957281629758.0,-440221781551.0,517059848207,,517059848207,524579489861,144.75,,ADHI,2017
,,,0.0,1043873.0,2121962.0,-712812.0,1409150,,1409150,1266466,1409.0,,ADMF,2017
355097424.0,349094534.0,6002890.0,1609023.0,6825202.0,-11751064.0,3113199.0,-8637865,,-8637865,-5866626,-0.0021,,ADMG,2017
3258333.0,2116831.0,1141502.0,37504.0,146147.0,929531.0,-393093.0,536438,,536438,518131,0.02,,ADRO,2017
1838417.0,996821.0,841596.0,246443.0,218541.0,133820.0,-36222.0,97598,,97598,594670,27.0,,AGII,2017
,,,,71199339.0,193632796.0,-53137261.0,140495535,,140495535,180845914,8.49,,AGRO,2017
,,,,57060.0,-7320.0,-999.0,-8319,,-8319,-8352,-1.58,,AGRS,2017
,,,,65465215587.0,-39427633130.0,-1994037000.0,-41421670130,,-41421670130,-41244351622,-49.31,,AHAP,2017
2617767650.0,2477499950.0,140267700.0,853645050.0,576878021.0,-1587691692.0,-26126427.0,-1613818119,,-1613818119,-1639834869,-7.34,,AIMS,2017
4920632.0,4294396.0,626236.0,584946.0,331800.0,-967484.0,120675.0,-846809,,-846809,-859521,-171.47,,AISA,2017
2064857643.0,1866026156.0,198831487.0,59328526.0,53674808.0,31813498.0,-18479528.0,13333970,,13333970,13924298,22.0,,AKPI,2017
18287935534.0,16420654086.0,1867281448.0,664801549.0,89754326.0,1126408644.0,-125094198.0,1001314446,303286074.0,1304600520,1340604171,226.18,,AKRA,2017
140739483067.0,,,,,22213542523.0,-9097850104.0,13115692419,1638663957.0,14754356376,14876627270,20.66,229072313.0,AKSI,2017
708740551637.0,588935699382.0,119804852255.0,23628183141.0,46492742870.0,38621790950.0,-9586395553.0,29035395397,,29035395397,28234922754,23.95,,ALDO,2017
1932783905.0,1888767962.0,44015943.0,3361277.0,22878768.0,16063389.0,-657133.0,15406256,,15406256,12837812,30.38,,ALKA,2017
3484905171484.0,3351275672816.0,133629498668.0,35372526007.0,54381043759.0,4716551594.0,3729904090.0,8446455684,,8446455684,-24823789672,13.71,,ALMI,2017
262143990839.0,220973146395.0,41170844444.0,23941275960.0,51227133346.0,-69728704187.0,6879122522.0,-62849581665,,-62849581665,-62847159361,-28.5,,ALTO,2017
,,,,224093055.0,135713877.0,-12523967.0,123189910,,123189910,130263321,24.63,,AMAG,2017
3885791.0,3298157.0,587634.0,383080.0,75247.0,63589.0,-25020.0,38569,,38569,-15667,89.0,,AMFG,2017
246403880622.0,165625372516.0,80778508106.0,4977312495.0,15784063015.0,51284231355.0,-12201358340.0,39082873015,,39082873015,39412260699,36.19,,AMIN,2017
61464903.0,49463586.0,12001317.0,10347220.0,1207704.0,381342.0,-123607.0,257735,,257735,115498,7.23,,AMRT,2017
161797280.0,111650408.0,50146872.0,10123939.0,31260245.0,73160350.0,-25760825.0,47399525,,47399525,41694831,0.014137995,,ANJT,2017
12653619205.0,11009726759.0,1643892446.0,248917078.0,794369050.0,454396524.0,-317893255.0,136503269,,136503269,81607944,5.68,,ANTM,2017
74475065.0,61533274.0,12941791.0,,12480368.0,-107325657.0,4802788.0,-102522869,,-102522869,-102629729,-0.0385,,APEX,2017
255119235664.0,,,,,130539713075.0,-5694508383.0,124845204692,,124845204692,124202953579,10.19,3760881519.0,APIC,2017
168065942352.0,66441119482.0,101624822870.0,30222444243.0,36646482231.0,19161807863.0,-5239815182.0,13921992681,,13921992681,11366054267,13.0,,APII,2017
382238397027.0,327121759711.0,55116637316.0,15480287226.0,35442372955.0,17594222781.0,-5227037284.0,12367185497,,12367185497,12664622062,9.1,,APLI,2017
7043036602.0,3620910976.0,3422125626.0,252951214.0,1130489822.0,2181757138.0,-299175738.0,1882581400,0.0,1882581400,1871892833,71.0,,APLN,2017
466981642650.0,,,,,-253012831887.0,-4832754307.0,-257845586194,-3946094717.0,-261791680911,-271811273848,-30.0,89803937948.0,APOL,2017
33318959.0,35266976.0,-1948017.0,1488445.0,2242263.0,-15393626.0,521779.0,-14871847,,-14871847,-15304821,-0.04,,ARGO,2017
28731.0,29100.0,-369.0,,5463.0,-7136.0,-9581.0,-16717,,-16717,-16502,0.00517,,ARII,2017
178904717453.0,133239895994.0,45664821459.0,4411569650.0,13555118688.0,34029251341.0,-4472617936.0,29556633405,,29556633405,29552078551,3.97,,ARMY,2017
1732985361870.0,1328188268126.0,404797093744.0,166016838507.0,55577976150.0,166203941034.0,-44020031391.0,122183909643,,122183909643,118231212160,16.46,,ARNA,2017
88286723081.0,27609993504.0,60676729577.0,644025839.0,50910499291.0,14858069326.0,-3262157819.0,11595911507,,11595911507,11764751636,14.0,,ARTA,2017
,,,,103672748.0,13929913.0,-418515.0,13511398,,13511398,98458674,39.0,,ASBI,2017
,,,,109190948.0,47712669.0,-7434819.0,40277850,,40277850,36403858,210.0,,ASDM,2017
3918428.0,3122497.0,795931.0,203618.0,248130.0,349439.0,-92214.0,257225,,257225,254684,190.68,,ASGR,2017
206057.0,163689.0,42368.0,10222.0,11820.0,29196.0,-6031.0,23165,,23165,22636,466.0,,ASII,2017
,,,,62900863180.0,26630119146.0,-3958429952.0,22671689194,,22671689194,25305491390,38.0,,ASJT,2017
,,,,84837432533.0,52663921606.0,79890156.0,52743811762,,52743811762,61141112373,7.0,,ASMI,2017
3917107098.0,1541083916.0,2376023182.0,93508181.0,296983699.0,1444664431.0,-59475254.0,1385189177,,1385189177,1377949750,70.23,,ASRI,2017
,,,,251951695462.0,73843996987.0,-12920521178.0,60923475809,,60923475809,60408579794,284.0,,ASRM,2017
1689846194031.0,1173003959557.0,516842234474.0,7289845896.0,213651583776.0,138197075844.0,-34888681331.0,103308394513,,103308394513,105963128163,30.37,,ASSA,2017
4593876093254.0,3864700716713.0,729175376541.0,22797016067.0,507324025013.0,114440768495.0,-36364690148.0,78076078347,1013261444.0,79089339791,77264857837,18.42,,ATIC,2017
16707474.0,111850554.0,-95143080.0,,40756454.0,-311025124.0,1895259.0,-309129865,,-309129865,-313724832,-54.46,,ATPK,2017
13549857.0,11793778.0,1756079.0,675593.0,734035.0,711936.0,-164155.0,547781,,547781,452879,114.0,,AUTO,2017
,,,,253088.0,-906070.0,220877.0,-685193,,-685193,-675859,-33.19,,BABP,2017
,,,,79282.0,114738.0,-28598.0,86140,,86140,93189,12.24,,BACA,2017
1218317826843.0,1209851123279.0,8466703564.0,4325553259.0,12687550816.0,-28628554806.0,5643793055.0,-22984761751,,-22984761751,-24486490201,-12.77,,BAJA,2017
320065951849.0,119308356466.0,200757595383.0,,42521207792.0,52610484360.0,8916509178.0,61526993538,,61526993538,436200476078,16.93,,BALI,2017
46437737073.0,15103094860.0,31334642213.0,4151992076.0,9305039667.0,13243528581.0,-31146666.0,13212381915,,13212381915,12930270659,19.54,,BAPA,2017
1859219558063.0,1724612952702.0,134606605361.0,6616824710.0,87965516081.0,42496773007.0,-9551170596.0,32945602411,,32945602411,30765092885,93.91,,BAYU,2017
,,,,12305650.0,29158743.0,-5837593.0,23321150,,23321150,24075741,945.0,,BBCA,2017
,,,,37509925956.0,15296826551.0,-4934501093.0,10362325458,,10362325458,8650987833,2.725433545117808,,BBHI,2017
,,,,1294567.0,121819.0,14082.0,135901,,135901,174934,15.0,,BBKP,2017
,,,5665.0,51668.0,88320.0,-21887.0,66433,,66433,54970,40.37,,BBLD,2017
,,,0.0,124858477461.0,353573133007.0,-89332356636.0,264240776371,0.0,264240776371,460865837585,64.61,,BBMD,2017
,,,1038713.0,14428380.0,17165387.0,-3394795.0,13770592,,13770592,15617639,730.0,,BBNI,2017
,,,,13146944.0,37022157.0,-7977823.0,29044334,,29044334,30877015,237.22,,BBRI,2017
23575803.0,25058118.0,-1482315.0,,1595126.0,-37880233.0,-520239.0,-38400472,,-38400472,-38474352,-0.009461,,BBRM,2017
,,,,4192401.0,3861555.0,-834089.0,3027466,,3027466,3056679,286.0,,BBTN,2017
,,,17751855840.0,135874284439.0,20053665389.0,-5633252750.0,14420412639,,14420412639,22625611485,3.68,,BBYB,2017
2386245.0,,2386245.0,,1158072.0,-980719.0,243090.0,-737629,0.0,-737629,-779107,-61.25,,BCAP,2017
,,,,230732.0,118399.0,3135.0,121534,,121534,159061,0.00011999999999999999,,BCIC,2017
,,,,2988469.0,5367120.0,-1539023.0,3828097,,3828097,3708950,384.11,,BDMN,2017
,,,,187266.0,-99853.0,23568.0,-76285,,-76285,-76220,-119.0,,BEKS,2017
446128910614.0,341205640381.0,104923270233.0,22013760696.0,50724028433.0,20231713304.0,-5280753518.0,14950959786,,14950959786,11905385694,37.0,,BELL,2017
1006096715440.0,285563650794.0,720533064646.0,9282112433.0,111885986080.0,508963502935.0,-25576016002.0,483387486933,,483387486933,481720076387,50.1,,BEST,2017
,,,,407286.0,1487786.0,-300276.0,1187510,,1187510,1158370,79.0,,BFIN,2017
,,,,42632.0,67821.0,-16681.0,51140,,51140,50504,4.58,,BGTG,2017
13580269.0,7823078.0,5757191.0,,3516071.0,1205454.0,-680746.0,524708,,524708,398227,3.14,,BHIT,2017
482386824523.0,239066961182.0,243319863341.0,24766232648.0,190170868691.0,-42099586266.0,-2254441504.0,-44354027770,,-44354027770,-42388989135,-41.35,,BIKA,2017
153713878373.0,88499522950.0,65214355423.0,33481332790.0,15781228560.0,10901810252.0,4893841780.0,15795652032,,15795652032,12538097901,21.0,,BIMA,2017
,,,,85042.0,24206.0,-5866.0,18340,,18340,26109,3.39,,BINA,2017
3266629.0,,,,,37548600.0,599325.0,38147925,0.0,38147925,38344629,0.0009630000000000001,5517925.0,BIPI,2017
108781215028.0,65586650752.0,43194564276.0,,30484192503.0,-24770062671.0,-6263634496.0,-31033697167,,-31033697167,-20562731038,-3.4,,BIPP,2017
4203846.0,3066011.0,1137835.0,47228.0,523008.0,562177.0,-134682.0,427495,,427495,421735,170.0,,BIRD,2017
2310290.0,1430026.0,880264.0,286253.0,104535.0,519197.0,-115910.0,403287,,403287,400506,134.0,,BISI,2017
,,,,2048233.0,1631965.0,-420560.0,1211405,,1211405,1295004,125.0,,BJBR,2017
,,,,673365.0,1636941.0,-477571.0,1159370,,1159370,1159370,77.51,,BJTM,2017
43188508734.0,40877269369.0,2311239365.0,3720769305.0,25982266705.0,-38095534627.0,-5074631704.0,-43170166331,,-43170166331,-46181499519,-6.32,,BKDP,2017
1623484966262.0,661806404261.0,961678562001.0,56168807372.0,253312208077.0,468310373708.0,248808033.0,468559181741,,468559181741,466871374097,8.41,,BKSL,2017
,,,,663987.0,-951252.0,161449.0,-789803,,-789803,-789613,-76.0,,BKSW,2017
25247152.0,22300227.0,2946925.0,70358.0,4084800.0,-8873121.0,181232.0,-8691889,0.0,-8691889,-10798748,-0.00037014655904289663,,BLTA,2017
849242901.0,484639341.0,364603560.0,2046389.0,343079357.0,18794654.0,-6351381.0,12443273,0.0,12443273,11271667,28.0,,BLTZ,2017
,,,,60124874.0,93160363.0,-23663171.0,69497192,,69497192,50545252,15.64,,BMAS,2017
,,,,26819598.0,27156863.0,-5713821.0,21443042,0.0,21443042,23321035,442.28,,BMRI,2017
2627918564007.0,2462187235480.0,165731328527.0,116002044059.0,9223471557.0,-2947093405.0,-150812001.0,-3097905406,,-3097905406,-5543878794,-2.67,,BMSR,2017
10829450.0,5546706.0,5282744.0,,2435217.0,2026069.0,-971944.0,1054125,,1054125,934770,35.66699489513004,,BMTR,2017
,,,,213906105871.0,122379673005.0,-32831577535.0,89548095470,,89548095470,85912524667,38.77,,BNBA,2017
2459736.0,2045392.0,414344.0,99461.0,414868.0,-1185169.0,-13825.0,-1198994,,-1198994,-1209258,-11.02,,BNBR,2017
,,,,3443268.0,4155020.0,-1177282.0,2977738,,2977738,2986276,118.5,,BNGA,2017
,,,,2648182.0,2519690.0,-658845.0,1860845,0.0,1860845,1892096,27.0,,BNII,2017
,,,127047.0,1059038.0,951132.0,-202699.0,748433,,748433,725686,29.0,,BNLI,2017
395398478530.0,369041305333.0,26357173197.0,1248629735.0,11023977630.0,11774183708.0,-3533904149.0,8240279559,,8240279559,8193350591,2.162996149940199,,BOGA,2017
1047701082078.0,783061390941.0,264639691137.0,8755388806.0,100752565001.0,127924654749.0,-34699400993.0,93225253756,,93225253756,100792356256,39.6,,BOLT,2017
241774069.0,151099385.0,90674684.0,9026741.0,21885783.0,53592195.0,-19268635.0,34323560,,34323560,34323560,0.002,,BORN,2017
,,,22426159799.0,66350941015.0,62194171165.0,-13214737061.0,48979434104,0.0,48979434104,86295159628,32.06,,BPFI,2017
300256248719.0,,300256248719.0,118474145474.0,84209805975.0,117349069034.0,-24671424763.0,92677644271,,92677644271,106784840435,155.45,,BPII,2017
241782757.0,195030073.0,46752684.0,6992118.0,6427981.0,34069438.0,-9501511.0,24567927,,24567927,28832734,0.0496,,BRAM,2017
,,,,500278.0,150957.0,-49866.0,101091,,101091,92827,25.54,,BRIS,2017
5000000.0,9941495.0,-4941495.0,,,-172383046.0,-75175895.0,-247558941,,-247558941,-248301585,-5.18,,BRMS,2017
1310440496.0,1212748593.0,97691903.0,45411689.0,87655850.0,-224189380.0,45905958.0,-178283422,,-178283422,-170586508,-176.0,,BRNA,2017
2452847.0,1913202.0,539645.0,44192.0,50409.0,385404.0,-105515.0,279889,,279889,280283,0.009000000000000001,,BRPT,2017
10347343192163.0,2756914142298.0,7590429049865.0,912603848105.0,1202328379604.0,5206069160240.0,-39349089255.0,5166720070985,,5166720070985,5097010578160,255.64,,BSDE,2017
,,,,522658.0,407459.0,-88536.0,318923,,318923,335708,20.81,,BSIM,2017
392574134.0,221453657.0,171120477.0,50542093.0,8935319.0,111688566.0,-28871637.0,82816929,,82816929,82545467,0.0317,,BSSR,2017
,,,,70149437565.0,-147769386917.0,20684449601.0,-127084937316,,-127084937316,-142045506539,-93.0,,BSWD,2017
887141290201.0,773313851789.0,113827438412.0,,48190631795.0,-41103879672.0,-1739913359.0,-42843793031,,-42843793031,-51679490611,-5.44,,BTEK,2017
7871.0,,,,,-1605235.0,108753.0,-1496482,,-1496482,-1496597,-40.69,813913.0,BTEL,2017
88010862980.0,68011442761.0,19999420219.0,230898438.0,7488022386.0,14737057056.0,-3366129844.0,11370927212,,11370927212,11105502256,15.79,,BTON,2017
,,,,2284104.0,1936845.0,-514905.0,1421940,,1421940,1408491,213.0,,BTPN,2017
2510578.0,2162779.0,347799.0,75437.0,89649.0,61016.0,-15325.0,45691,,45691,40965,9.13,,BUDI,2017
2455941035.0,2067089302.0,388851733.0,12773573.0,142504757.0,254850282.0,-74301356.0,180548926,,180548926,165670262,63.0,,BUKK,2017
65091388.0,36818672.0,28272716.0,,7310203.0,11306974.0,-102265.0,11204709,,11204709,33591420,0.00198609566528777,,BULL,2017
17366667.0,,17366667.0,,38437019.0,309725010.0,-66978827.0,242746183,0.0,242746183,239373702,5.71,,BUMI,2017
252002580129.0,86624826645.0,165377753484.0,17394972323.0,112941948224.0,-38667939384.0,-444571528.0,-39112510912,,-39112510912,-22884672401,-11.0,,BUVA,2017
,,,,350054592.0,176137469.0,-40046708.0,136090761,,136090761,220075099,15.69,,BVIC,2017
3045954.0,2276709.0,769245.0,87591.0,272028.0,-166093.0,-21698.0,-187791,,-187791,-198922,-5.9,,BWPT,2017
1067376037.0,513796076.0,553579961.0,80686487.0,25404605.0,420082773.0,-82065574.0,338017199,,338017199,339582545,0.10099999999999999,,BYAN,2017
944837322446.0,363167575634.0,581669746812.0,164391127883.0,296093904388.0,58384115529.0,-14962380915.0,43421734614,,43421734614,41408953772,7.38,,CAMP,2017
2316275.0,6482621.0,-4166346.0,,731929.0,-4281966.0,-30540.0,-4312506,,-4312506,-4296690,-0.06186444,,CANI,2017
7202317680675.0,6101734142684.0,1100583537991.0,229517515427.0,499537912033.0,326010593791.0,-80785850363.0,245224743428,,245224743428,232132563149,138.0,,CARS,2017
,,,18415327432.0,54679642771.0,82579354009.0,-304808772.0,82274545237,,82274545237,134140373148,11.61,,CASA,2017
2057649583.0,1554277402.0,503372181.0,,,449767982.0,-126696315.0,323071667,0.0,323071667,296458244,63.0,,CASS,2017
4257738486908.0,3973458868193.0,284279618715.0,72724361949.0,51447784731.0,143195939366.0,-35775052527.0,107420886839,,107420886839,104374073339,181.0,,CEKA,2017
707974.0,553601.0,154373.0,14639.0,160519.0,-113484.0,-5563.0,-119047,,-119047,-148238,-3.9,,CENT,2017
,,,,94027350.0,333959531.0,-97684231.0,236275300,,236275300,230599795,59.3,,CFIN,2017
373955852243.0,248752335546.0,125203516697.0,31402995575.0,57253800531.0,38318872398.0,-8670611306.0,29648261092,,29648261092,64041340293,27.66,,CINT,2017
724494516292.0,428195226382.0,296299289910.0,206935109526.0,42041069595.0,46827759377.0,665585119.0,47493344496,,47493344496,-48385119501,14.0,,CITA,2017
44326328450.0,47464926044.0,-3138597594.0,1359122556.0,6544769336.0,-260595049785.0,0.0,-260595049785,0.0,-260595049785,-259373788972,-50.602,,CKRA,2017
614677561202.0,388877393195.0,225800168007.0,96992948421.0,51481730201.0,62664239800.0,-12490508971.0,50173730829,,50173730829,50391169819,25.0,,CLEO,2017
592902019972.0,496914534481.0,95987485491.0,9925219826.0,37136133662.0,51539411028.0,-11410643656.0,40128767372,0.0,40128767372,39137431174,131.53,,CLPI,2017
2906663239601.0,1928999566359.0,977663673242.0,,271737263619.0,863173548659.0,-170112290246.0,693061258413,,693061258413,693879819163,204.0,,CMNP,2017
3817860941246.0,3439357783677.0,378503157569.0,,,300295462452.0,-813256742835.0,-512961280383,,-512961280383,-433726586002,-49.27,,CMPP,2017
1538822975.0,1486541053.0,52281922.0,36934649.0,337651734.0,-1891004777.0,-88371458.0,-1979376235,,-1979376235,-1980838715,-175.98,,CNKO,2017
33141185.0,28906582.0,4234603.0,1731840.0,2567938.0,-1154558.0,-228248.0,-1382806,,-1382806,-1485905,-0.01,,CNTX,2017
525324518118.0,190484445834.0,334840072284.0,18586113621.0,159668114497.0,-33934177895.0,-35099030973.0,-69033208868,,-69033208868,-72261173404,-14.0,,COWL,2017
49367386.0,43116098.0,6251288.0,1175052.0,1391056.0,3255705.0,-758918.0,2496787,,2496787,2463628,152.0,,CPIN,2017
6575570.0,5414679.0,1160891.0,386561.0,552102.0,-2512179.0,-127241.0,-2639420,,-2639420,-2232921,-65.1,,CPRO,2017
9342144498.0,8009147562.0,1332996936.0,849444711.0,334503446.0,115130429.0,-26108238.0,89022191,,89022191,97797199,19.0,,CSAP,2017
51132153665.0,37097326434.0,14034827231.0,1247449860.0,15987375679.0,1008900166.0,-877105329.0,131794837,,131794837,-19630913,0.57,,CSIS,2017
49681160.0,47040400.0,2640760.0,1446057.0,15494422.0,-15590386.0,3475823.0,-12114563,,-12114563,-12298754,-0.0151,,CTBN,2017
6442797.0,3423327.0,3019470.0,332733.0,1127861.0,1298013.0,-279484.0,1018529,,1018529,966452,48.0,,CTRA,2017
233012869771.0,143737483119.0,89275386652.0,40772310222.0,25203327541.0,6947634696.0,-2230868889.0,4716765807,0.0,4716765807,6457718035,3.83,,CTTH,2017
445956264.0,210040546.0,235915718.0,7881237.0,107104707.0,55260398.0,-25082581.0,30177817,,30177817,31058904,10.0,,DART,2017
363682824.0,198009202.0,165673622.0,170676712.0,,-3725989.0,-255197.0,-3981186,,-3981186,-4695204,-2.0,,DAYA,2017
,,,,1214121878.0,8829512757.0,-135865730.0,8693647027,,8693647027,22694842479,33.57,,DEFI,2017
242790874.0,208407119.0,34383755.0,,11290582.0,10827703.0,-8058563.0,2769140,,2769140,2422863,0.13,,DEWA,2017
1206234001209.0,1038745626550.0,167488374659.0,,214147076554.0,26247513873.0,-10779880414.0,15467633459,,15467633459,24903670062,2.81,,DGIK,2017
2202820510610.0,1247054499349.0,955766011261.0,130710838283.0,391768029998.0,261050142825.0,10486370544.0,271536513369,,271536513369,272287599941,29.0,,DILD,2017
56338867827.0,27999644996.0,28339222831.0,,77985369800.0,-58730253510.0,14136505156.0,-44593748354,,-44593748354,-44624082250,6.13,,DKFT,2017
777308328.0,203036967.0,574271361.0,157245312.0,85421633.0,369012853.0,-89240218.0,279772635,,279772635,276390014,349.0,,DLTA,2017
1336390680684.0,521538142529.0,814852538155.0,47127975069.0,106563235403.0,670243686819.0,-13124051000.0,657119635819,,657119635819,653712307668,13.63,,DMAS,2017
,,,,29568334442.0,12984756266.0,-2904065011.0,10080691255,,10080691255,12009425983,4.48,,DNAR,2017
56369329077.0,,56369329077.0,53854841353.0,68193883811.0,164461447372.0,6331969390.0,170793416762,,170793416762,224403065995,14.69,,DNET,2017
764608154.0,539464397.0,225143757.0,,53457141.0,86702705.0,-39955404.0,46747301,,46747301,42792723,0.005529999999999999,,DOID,2017
111294849755.0,86428325414.0,24866524341.0,5969221367.0,17188869659.0,7568252565.0,-1604832494.0,5963420071,,5963420071,6557763494,21.31,,DPNS,2017
1281160838141.0,1049983493518.0,231177344623.0,,41460874627.0,139394987503.0,-33846361622.0,105548625881,,105548625881,104456513344,25.28,,DPUM,2017
647380916462.0,583071163206.0,64309753256.0,26519829340.0,15938129104.0,9155401920.0,-2406676785.0,6748725135,,6748725135,12283217913,3.63,,DSFI,2017
5159911.0,3436965.0,1722946.0,239419.0,328477.0,946757.0,-275711.0,671046,-83058.0,587988,597520,63.04,,DSNG,2017
1321743514.0,803514832.0,518228682.0,128588493.0,92804577.0,191361218.0,-63123849.0,128237369,0.0,128237369,192907455,0.11,,DSSA,2017
1718746728686.0,361773553769.0,1356973174917.0,324284426323.0,405679651886.0,653012273229.0,-4366075250.0,648646197979,,648646197979,637067860291,289.36,,DUTI,2017
1575647308.0,681690889.0,893956419.0,542245518.0,141468725.0,226147921.0,-63898628.0,162249293,,162249293,148312987,145.0,,DVLA,2017
672884579.0,685298383.0,-12413804.0,4819076.0,285877795.0,-850672763.0,-939092.0,-851611855,,-851611855,-853329487,-129.48,,DWGL,2017
861193680750.0,644418663034.0,216775017716.0,8260319596.0,213272648044.0,9145684540.0,-1582440208.0,7563244332,,7563244332,5524787611,2.0,,DYAN,2017
1818471209910.0,1548966747362.0,269504462548.0,,312972840018.0,,,-9801947790,,-9801947790,-12497024790,-8.0,,ECII,2017
643591823505.0,450211453881.0,193380369624.0,55617827761.0,33246066568.0,102649309681.0,-26453643952.0,76195665729,0.0,76195665729,81993317740,108.0,,EKAD,2017
4978986.0,4400484.0,578502.0,1451.0,232511.0,336809.0,-86055.0,250754,,250754,238473,33.86,,ELSA,2017
1239228442094.0,673149892039.0,566078550055.0,47621915998.0,498870117635.0,-310411776597.0,-9438751248.0,-319850527845,50044981341.0,-269805546504,-253258801531,-7.35,,ELTY,2017
396684909930.0,126525502873.0,270159407057.0,20437319733.0,99772316139.0,106211882512.0,,106211882512,,106211882512,105638564422,31.26,,EMDE,2017
7592963086.0,4755152213.0,2837810873.0,238086237.0,2117749403.0,868002157.0,-420057786.0,447944371,,447944371,338142668,7.76,,EMTK,2017
316971601.0,186555734.0,130415867.0,,9906412.0,91968946.0,-77187847.0,14781099,,14781099,14972827,0.00082,,ENRG,2017
19669096571146.0,17534905310570.0,2134191260576.0,1293815619677.0,204449159490.0,684757751310.0,-166921580695.0,517836170615,,517836170615,524331390306,191.0,,EPMT,2017
24229915013932.0,22071008279047.0,2158906734885.0,955374833381.0,680469242864.0,479656198588.0,-132506616601.0,347149581987,,347149581987,348546020688,117.0,,ERAA,2017
71671310.0,68363151.0,3308159.0,1753145.0,2230352.0,-1791906.0,29429.0,-1762477,,-1762477,-2124275,0.0014,,ERTX,2017
33704104.0,17506812.0,16197292.0,45032.0,7532901.0,4252470.0,-2061213.0,2191257,,2191257,1157162,0.00028,,ESSA,2017
35125240.0,34359328.0,765912.0,1347358.0,1367315.0,-2211156.0,508757.0,-1702399,,-1702399,-1702399,-0.0008,,ESTI,2017
51671051196.0,83301719635.0,-31630668439.0,918689371.0,14742519909.0,-140504684122.0,12984641996.0,-127520042126,,-127520042126,-128406459831,-131.51,,ETWA,2017
22875662.0,,,,,221238.0,154006.0,375244,0.0,375244,403443,35.0,6951035.0,EXCL,2017
5302683924.0,1985664283.0,3317019641.0,2670198435.0,539850714.0,164731770.0,2266808.0,166998578,,166998578,120238289,84.0,,FAST,2017
7337185138762.0,5923997164012.0,1413187974750.0,149591070569.0,105714739424.0,824530694900.0,-228662496186.0,595868198714,,595868198714,580849868491,240.47,,FASW,2017
,,,0.0,37990457388.0,19955974785.0,-5242983514.0,14712991271,0.0,14712991271,14657965610,12.0,,FINN,2017
176933034482.0,147603916512.0,29329117970.0,1749163619.0,14255226176.0,-1667094052.0,612894479.0,-1054199573,0.0,-1054199573,-1124135573,-0.9,,FIRE,2017
931768491.0,891226164.0,40542327.0,8443829.0,15149173.0,20414015.0,-4444529.0,15969486,,15969486,14898559,0.033,,FISH,2017
35261.0,10978.0,24283.0,1041.0,11652.0,9933.0,-1202.0,8731,,8731,-32263,3.25,,FMII,2017
300018283227.0,240241466934.0,59776816293.0,55156281124.0,,-56938865359.0,-380235622.0,-57319100981,,-57319100981,-56615879981,-123.0,,FORU,2017
433346.0,426548.0,6798.0,5175.0,4502.0,-2206.0,460.0,-1746,,-1746,-2042,-0.0003,,FPNI,2017
4668495942494.0,,4668495942494.0,579761454161.0,6214765285071.0,-2777643151259.0,-245092591197.0,-3022735742456,,-3022735742456,-3024921413456,-19.76655478130316,,FREN,2017
66581958479.0,41745715145.0,24836243334.0,2965470325.0,20541608687.0,348332472.0,81897554.0,430230026,,430230026,493574871,0.02,,GAMA,2017
1228528694746.0,1101594363771.0,126934330975.0,29848673722.0,52834801912.0,21905675755.0,-11620978441.0,10284697314,,10284697314,13156452056,1.25,,GDST,2017
161261509.0,146072236.0,15189273.0,7776281.0,6740925.0,-265931.0,-628283.0,-894214,,-894214,-2288028,0.002,,GDYR,2017
884588704411.0,677966511966.0,206622192445.0,74209305477.0,77189014529.0,42129532666.0,-18223582196.0,23905950470,,23905950470,21654928455,74.66,,GEMA,2017
759448383.0,444969466.0,314478917.0,98202771.0,46105358.0,167307676.0,-47201636.0,120106040,,120106040,119117078,0.02001,,GEMS,2017
83305925.0,65084263.0,18221662.0,4354354.0,2748672.0,10436512.0,-2681165.0,7755347,,7755347,7703622,4030.0,,GGRM,2017
4177325781.0,3648241388.0,529084393.0,323723174.0,265808770.0,-158180637.0,-55209041.0,-213389678,,-213389678,-155368730,-0.00836659177617332,,GIAA,2017
14146918.0,11682799.0,2464119.0,851772.0,618645.0,106824.0,-61796.0,45028,,45028,-141289,12.92,,GJTL,2017
621534450144.0,589822245528.0,31712204616.0,37219545093.0,19503864995.0,-12605133764.0,-2064863021.0,-14669996785,,-14669996785,-14563486536,-13.0,,GLOB,2017
439281242.0,,,,,67748875.0,-16802524.0,50946351,,50946351,50727465,0.0019497610427988796,13972895.0,GMFI,2017
227499858134.0,112193905473.0,115305952661.0,12588669548.0,29030962941.0,68803466028.0,-573206556.0,68230259472,,68230259472,67591690548,671.97,,GMTD,2017
26755052488.0,9230026535.0,17525025953.0,0.0,14865855136.0,-232130480.0,-825173596.0,-1057304076,0.0,-1057304076,-772629724,-3.36,,GOLD,2017
214860495031.0,188113205660.0,26747289371.0,,43170310409.0,-23409731669.0,-11533384100.0,-34943115769,,-34943115769,-36089652014,-7.18,,GOLL,2017
366751537542.0,169752030281.0,196999507261.0,29202987691.0,119108533903.0,37960260759.0,-644174321.0,37316086438,,37316086438,35701272512,7.45,,GPRA,2017
984138291.0,,984138291.0,699808463.0,381224021.0,115261849.0,-28671238.0,86590611,,86590611,98524315,9.86,,GSMF,2017
84985760705.0,27005000893.0,57980759812.0,5188479044.0,100814373647.0,190572390596.0,-2071958500.0,188500432096,,188500432096,188463044931,24.408359418697664,,GWSA,2017
646945.0,603345.0,43600.0,21152.0,57923.0,-209691.0,41173.0,-168518,,-168518,303367,-27.73,,GZCO,2017
1718843200.0,1080522811.0,638320389.0,,28852952038.0,-25293514094.0,-4025067924.0,-29318582018,,-29318582018,-29337648552,-13.83,,HADE,2017
,,,19037051.0,112536028.0,20973576.0,-3115467.0,17858109,0.0,17858109,11425651,8.0,,HDFA,2017
1293363942.0,1414119927.0,-120755985.0,10416707.0,272638890.0,-700884530.0,-146164679.0,-847049209,,-847049209,-845054406,0.18,,HDTX,2017
13033638.0,9591191.0,3442447.0,103531.0,3662606.0,-251647.0,60241.0,-191406,,-191406,-259040,-46.0,,HERO,2017
343228140.0,272719324.0,70508816.0,24818529.0,14936978.0,30627218.0,-8077737.0,22549481,,22549481,22452527,0.027000000000000003,,HEXA,2017
67707413.0,38873699.0,28833714.0,160908.0,10881591.0,11330074.0,-1326112.0,10003962,,10003962,9787458,0.00103,,HITS,2017
99091484.0,74875642.0,24215842.0,6258145.0,1846352.0,16894806.0,-4224272.0,12670534,,12670534,12483134,109.0,,HMSP,2017
1209215316632.0,1044272071444.0,164943245188.0,52068785657.0,39934167544.0,64384420849.0,-16420307909.0,47964112940,,47964112940,47056065297,24.0,,HOKI,2017
65026448173.0,43545689582.0,21480758591.0,879425434.0,14375906000.0,17855607.0,110481555.0,128337162,,128337162,52174662,0.06,,HOME,2017
101290601189.0,32150617746.0,69139983443.0,102024954.0,49093271076.0,12780924936.0,654651560.0,13435576496,,13435576496,12975008315,3.78,,HOTL,2017
2482758909609.0,2257188788489.0,225570121120.0,12468174368.0,21720095480.0,147185345549.0,-36884119978.0,110301225571,0.0,110301225571,112434479324,26.99,,HRTA,2017
325599861.0,213713213.0,111886648.0,18722532.0,21080905.0,73030968.0,-17282967.0,55748001,,55748001,54979076,0.01739,,HRUM,2017
16103374.0,14228778.0,1874596.0,,6307404.0,-8857501.0,2091398.0,-6766103,,-6766103,-7582600,-0.0012,,IATA,2017
,,,,39972595246.0,-286744312211.0,71148250700.0,-215596061511,,-215596061511,-216032371682,-67.93,,IBFN,2017
761760612195.0,333937841543.0,427822770652.0,,150638093079.0,148155664761.0,113970371750.0,262126036511,,262126036511,879099393578,194.0,,IBST,2017
35606593.0,24547757.0,11058836.0,4013447.0,1667733.0,5206561.0,-1663388.0,3543173,0.0,3543173,3531220,326.0,,ICBP,2017
142593033645.0,,,,,17107599605.0,-1945704833.0,15161894772,,15161894772,14718464720,9.44,,ICON,2017
1176440035889.0,906229423423.0,270210612466.0,441932493.0,141524675380.0,117428862177.0,-3170676152.0,114258186025,,114258186025,124055732960,57.0,,IDPR,2017
761926952217.0,632967231181.0,128959721036.0,16175225122.0,28307358187.0,95764791063.0,-23388107927.0,72376683136,,72376683136,72086531613,53.5,,IGAR,2017
21412753784.0,26085659502.0,-4672905718.0,1094123499.0,6107151864.0,-17124071013.0,4113695146.0,-13010375867,,-13010375867,-13010375867,3.91,,IIKP,2017
13297423.0,41222622.0,-27925199.0,5992302.0,17801342.0,-53218962.0,9640942.0,-43578020,,-43578020,-43578020,-0.527,,IKAI,2017
141178215.0,132599993.0,8578222.0,3853174.0,2984824.0,1684339.0,-450752.0,1233587,,1233587,1019161,0.001,,IKBI,2017
15359437288255.0,12289878787017.0,3069558501238.0,1251984196295.0,1411070383902.0,148460616030.0,-212757427130.0,-64296811100,,-64296811100,2619777972185,-39.64,,IMAS,2017
2711939034021.0,1565377781554.0,1146561252467.0,183691233768.0,844776467341.0,249532631204.0,-56820496564.0,192712134640,,192712134640,119945947145,49.62,,IMJS,2017
1193054430825.0,808527225593.0,384527205232.0,90750790922.0,134771913447.0,111423979247.0,-20120487307.0,91303491940,,91303491940,82724668230,18.05,,IMPC,2017
980285748450.0,795476989375.0,184808759075.0,16784025009.0,82147530985.0,52292073203.0,-13640368683.0,38651704520,,38651704520,36812068077,61.0,,INAI,2017
563864071410.0,491484878965.0,72379192445.0,12158093444.0,31213407774.0,5345868131.0,-1541898673.0,3803969458,0.0,3803969458,2109993666,2.26,,INCF,2017
269706737385.0,209449833745.0,60256903640.0,16564384105.0,21175896825.0,22077467345.0,-5523195214.0,16554272131,,16554272131,23733362393,91.0,,INCI,2017
629334.0,622780.0,6554.0,11339.0,,-23020.0,7749.0,-15271,0.0,-15271,-15222,0.0015,,INCO,2017
70186618.0,50318096.0,19868522.0,7237120.0,4070151.0,7658554.0,-2513491.0,5145063,0.0,5145063,5039068,475.0,,INDF,2017
777925055.0,688982414.0,88942641.0,32426928.0,15424640.0,11879895.0,-9620794.0,2259101,,2259101,1354738,0.0031,,INDR,2017
1967982902772.0,1586466831193.0,381516071579.0,107425322745.0,103301120692.0,160340854561.0,-46701314660.0,113639539901,,113639539901,112017526399,173.75,,INDS,2017
0.0,11199685159.0,-11199685159.0,,6958209002.0,-57737332932.0,-18000000.0,-57755332932,0.0,-57755332932,-57873874185,-131.88,,INDX,2017
1098760230.0,975843393.0,122916837.0,,88794665.0,300116045.0,21517112.0,321633157,,321633157,321714056,0.0644,,INDY,2017
3127928.0,2224399.0,903529.0,169926.0,130916.0,457087.0,-43805.0,413282,,413282,410582,0.08,,INKP,2017
,,,,453208.0,86373.0,-18272.0,68101,,68101,82937,4.31,,INPC,2017
595692044724.0,181132149239.0,414559895485.0,29374644460.0,296373283631.0,116706345435.0,30720806408.0,147427151843,,147427151843,144220164480,9.01,,INPP,2017
123865.0,107747.0,16118.0,3033.0,9097.0,1912.0,-1531.0,381,,381,-50,0.00027400000000000005,,INRU,2017
2068946.0,1907024.0,161922.0,91601.0,197637.0,-328562.0,48966.0,-279596,,-279596,-268331,-79.0,,INTA,2017
53215089941.0,34602543345.0,18612546596.0,18456048665.0,,2622348041.0,-941759795.0,1680588246,,1680588246,2050178002,4.0,,INTD,2017
14431211.0,9423490.0,5007721.0,2338153.0,742050.0,2287274.0,-427456.0,1859818,,1859818,1837668,505.22,,INTP,2017
746653357.0,499246733.0,247406624.0,,79715980.0,168260783.0,-47843736.0,120417047,,120417047,120417047,84.51,,IPCM,2017
198934982.0,160834920.0,38100062.0,10339315.0,19586858.0,3503358.0,-1023932.0,2479426,0.0,2479426,5185973,0.00032654711662739654,,IPOL,2017
29926098.0,,,,,1940426.0,-638497.0,1301929,0.0,1301929,1198432,209.02,8852812.0,ISAT,2017
3662810.0,3100253.0,562557.0,125860.0,188505.0,20430.0,-11796.0,8634,,8634,206492,0.2,,ISSP,2017
106687.0,,106687.0,,244072.0,13812308.0,-827.0,13811481,,13811481,13802680,0.02,,ITMA,2017
1689525.0,1184077.0,505448.0,87450.0,29912.0,362055.0,-109352.0,252703,,252703,249703,0.23,,ITMG,2017
555139580764.0,493697284516.0,61442296248.0,16910098132.0,43110014186.0,-234251006300.0,34321928850.0,-199929077450,,-199929077450,-212655054683,-52.0,,JAWA,2017
2184518893.0,1879070577.0,305448316.0,67261537.0,68529615.0,111623619.0,-28268245.0,83355374,,83355374,171603144,551.29,,JECC,2017
330824301711.0,160219148709.0,170605153002.0,24039812516.0,114693876528.0,13424619411.0,-4881258400.0,8543361011,,8543361011,-7367760781,0.38,,JGLE,2017
1371672386.0,353846536.0,1017825850.0,29792678.0,880621431.0,229824266.0,-37306880.0,192517386,,192517386,200265907,6.0,,JIHD,2017
4495503187.0,3745316217.0,750186970.0,108657912.0,390478628.0,354886780.0,-44938762.0,309948018,,309948018,301167183,18.85,,JKON,2017
11819781048.0,11689712569.0,130068479.0,59713606.0,7971430318.0,,,-3925258889,,-3925258889,-4017866640,-26.79,,JKSW,2017
29602688.0,24571742.0,5030946.0,736855.0,2124518.0,1740595.0,-632785.0,1107810,,1107810,1035793,88.0,,JPFA,2017
2405242304.0,920700412.0,1484541892.0,111017380.0,282634985.0,1162352423.0,-45226315.0,1117126108,,1117126108,1114019159,82.05,,JRPT,2017
416328740296.0,329119116523.0,87209623773.0,6986641082.0,31789354166.0,29450992546.0,-6772955654.0,22678036892,,22678036892,22357849014,31.0,,JSKY,2017
8921667196.0,,,,,3250452461.0,-1156796399.0,2093656062,,2093656062,1880959592,303.15,1004875476.0,JSMR,2017
1122241072.0,344542349.0,777698723.0,21105791.0,512790214.0,239701551.0,-60488168.0,179213383,,179213383,172579559,57.0,,JSPT,2017
1233452181548.0,974492731402.0,258959450146.0,34710766190.0,78583092789.0,110555734896.0,-28604384476.0,81951350420,,81951350420,82411239543,45.27,,JTPE,2017
6127479369403.0,3925599724290.0,2201879645113.0,1131603133061.0,660354592401.0,449709762422.0,-118001844961.0,331707917461,,331707917461,323866692681,58.84,,KAEF,2017
7923022.0,4010776.0,3912246.0,112605.0,1424745.0,2426813.0,,2426813,,2426813,2537408,0.00413,,KARW,2017
3186704707526.0,2671942419304.0,514762288222.0,105858047146.0,70584826272.0,428884879225.0,-69910827751.0,358974051474,,358974051474,326702929037,90.22,,KBLI,2017
1215476677995.0,1109571811710.0,105904866285.0,19307500237.0,30724782127.0,44548264596.0,-553314951.0,43994949645,,43994949645,476953300206,39.0,,KBLM,2017
982463.0,1208370.0,-225907.0,222649.0,982152.0,-1598381.0,103493.0,-1494888,,-1494888,-1601824,-632.0,,KBLV,2017
144027720203.0,179152180936.0,-35124460733.0,676585199.0,13486978259.0,-105059092031.0,-20645170201.0,-125704262232,,-125704262232,-126096607098,-14.51,,KBRI,2017
2245519457754.0,1932476641257.0,313042816497.0,101537419417.0,81246260328.0,93363070902.0,-24397862353.0,68965208549,,68965208549,65755214997,170.28,,KDSI,2017
810064124425.0,807285117720.0,2779006705.0,11565792744.0,88506714251.0,-94710676180.0,9409699625.0,-85300976555,,-85300976555,-93299775305,-5.41,,KIAS,2017
113414715049.0,84383772346.0,29030942703.0,2122413737.0,15452652127.0,10638117951.0,-2691201837.0,7946916114,,7946916114,2488684521,28.79,,KICI,2017
2994759224061.0,1857862018897.0,1136897205164.0,76854552914.0,450029898600.0,130079893294.0,19760685242.0,149840578536,,149840578536,135353256019,4.08,,KIJA,2017
3160637269263.0,1830139851672.0,1330497417591.0,895102169999.0,248588074076.0,140964951060.0,-31268949262.0,109696001798,,109696001798,121129837575,77.0,,KINO,2017
1130076421407.0,1110802336090.0,19274085317.0,741073641.0,18132393147.0,3602842907.0,-664530573.0,2938312334,,2938312334,2872895917,10.61,,KIOS,2017
83764246.0,57373765.0,26390481.0,1092241.0,6251645.0,19637007.0,-6197032.0,13439975,,13439975,13039517,0.003,,KKGI,2017
20182120166616.0,10369836693616.0,9812283473000.0,5217254463765.0,1141381509277.0,3241186725992.0,-787935315388.0,2453251410604,,2453251410604,2442945312378,51.28,,KLBF,2017
12107416654103.0,10751939459158.0,1355477194945.0,136611242419.0,334984522735.0,706768893651.0,-283583050331.0,423185843320,,423185843320,410369077688,59.19,,KMTR,2017
74867571.0,59939374.0,14928197.0,3493169.0,6184196.0,2570315.0,-1034619.0,1535696,,1535696,1323391,0.0007,,KOBX,2017
1605317945521.0,1334417035981.0,270900909540.0,172371195508.0,106648758815.0,-7244550782.0,-7353440928.0,-14597991710,,-14597991710,-9660298470,-14.88,,KOIN,2017
116799809406.0,85725364563.0,31074444843.0,22696108382.0,9546212513.0,-829304488.0,-34791389.0,-864095877,,-864095877,286993123,-6.0,,KONI,2017
194401372299.0,129911004301.0,64490367998.0,5466692042.0,43910747672.0,5726369417.0,-4650260398.0,1076109019,,1076109019,56959547,1.51,,KOPI,2017
938273924561.0,573184793356.0,365089131205.0,33303922392.0,323554437983.0,1309961662112.0,5272242250.0,1315233904362,,1315233904362,380138178318,187.36,,KPIG,2017
263264762260.0,217617829024.0,45646933236.0,14911788998.0,44319662713.0,-52628856271.0,-1129411947.0,-53758268218,,-53758268218,-52746337171,-55.35,,KRAH,2017
1449020.0,1229897.0,219123.0,27745.0,158252.0,-82342.0,-3755.0,-86097,,-86097,13132,-0.0042,,KRAS,2017
1569702187476.0,1249899687867.0,319802499609.0,,,299470826080.0,-3465131767.0,296005694313,,296005694313,290064345969,15.99,,KREN,2017
121601830.0,188301104.0,-66699274.0,10705104.0,,-91819547.0,121593.0,-91697954,,-91697954,-91693348,-23.12,,LAPD,2017
76120234579.0,64826837776.0,11293396803.0,,4437343646.0,6856053157.0,-1644629926.0,5211423231,,5211423231,5218250257,8.54,,LCKM,2017
27013056.0,28016247.0,-1003191.0,,4305683.0,-19874546.0,-304065.0,-20178611,,-20178611,-19197256,-0.006179,,LEAD,2017
3399060.0,706558.0,2692502.0,215212.0,1125450.0,1339421.0,-332143.0,1007278,,1007278,1012923,341.0,,LINK,2017
349690796141.0,226264507840.0,123426288301.0,33114904009.0,76794678328.0,20175438794.0,-10892495785.0,9282943009,,9282943009,2510394846,18.0,,LION,2017
411144165006.0,330347656497.0,80796508509.0,26858694848.0,51467892032.0,-34598578079.0,3458019905.0,-31140558174,,-31140558174,-31915791813,-30.88,,LMPI,2017
224371164551.0,196416750209.0,27954414342.0,2435449371.0,8918738972.0,17488236349.0,-4521122499.0,12967113850,,12967113850,13265533955,135.0,,LMSH,2017
1457524.0,823825.0,633699.0,176200.0,102010.0,380748.0,-12308.0,368440,,368440,370297,526.96,,LPCK,2017
,,,,146274464338.0,96799303814.0,-4924919889.0,91874383925,,91874383925,-89021568845,612.0,,LPGI,2017
10902928.0,6335929.0,4566999.0,642388.0,2497081.0,1167129.0,-310145.0,856984,,856984,1858325,26.97,,LPKR,2017
90689.0,42679.0,48010.0,24822.0,55855.0,-343376.0,-1347.0,-344723,,-344723,-443346,-294.53,,LPLI,2017
10023961.0,3762021.0,6261940.0,2036585.0,1816214.0,2396300.0,-489223.0,1907077,,1907077,1886765,654.0,,LPPF,2017
,,,,20059460093.0,-710301425.0,,-710301425,,-710301425,-3493825335,-0.27,,LPPS,2017
106619379454.0,106227365359.0,392014095.0,,38910360558.0,-37220172117.0,-1263238344.0,-38483410461,,-38483410461,-38469826879,-109.95,,LRNA,2017
4738022.0,3395184.0,1342838.0,83584.0,272046.0,1006236.0,-242813.0,763423,,763423,701959,112.0,,LSIP,2017
6596941.0,5390304.0,1206637.0,334362.0,525444.0,254816.0,-71195.0,183621,0.0,183621,241805,99.0,,LTLS,2017
213149157812.0,120860555427.0,92288602385.0,18186789663.0,105866318541.0,-188120302204.0,560434313.0,-187559867891,117939770946.0,-69620096945,-69848261945,-13.37,,MABA,2017
5441395835.0,4876948219.0,564447616.0,173670960.0,244386746.0,4359212.0,44339117.0,48698329,,48698329,41521427,22.0,,MAIN,2017
112615094145.0,62144006984.0,50471087161.0,5754966602.0,28653305833.0,22607547930.0,-854131386.0,21753416544,,21753416544,22037173931,5.4,,MAMI,2017
1892036.0,525382.0,1366654.0,1038998.0,173230.0,134788.0,-40331.0,94457,0.0,94457,89968,48.0,,MAPB,2017
16305732.0,8449611.0,7856121.0,5673907.0,1061714.0,597451.0,-247370.0,350081,0.0,350081,321278,202.0,,MAPI,2017
130036881486.0,0.0,130036881486.0,,82941666631.0,45863603187.0,-13320465139.0,32543138048,,32543138048,30569600452,59.88,,MARI,2017
239786317679.0,,,,,64422123842.0,-17364731343.0,47057392499,,47057392499,49249923653,61.92,8703860493.0,MARK,2017
280974817.0,245662093.0,35312724.0,21079529.0,11726881.0,-7262972.0,-808282.0,-8071254,,-8071254,-8639393,-0.00088,,MASA,2017
,,,,1186808940.0,910145933.0,-234740980.0,675404953,,675404953,689657317,134.55,,MAYA,2017
258586097.0,143383484.0,115202613.0,28470147.0,8585471.0,78722858.0,-20087158.0,58635700,,58635700,58336260,0.048,,MBAP,2017
68450538.0,65906307.0,2544231.0,141420.0,8630586.0,-8909523.0,,-8909523,,-8909523,-9247372,-0.0051,,MBSS,2017
731577343628.0,355796818935.0,375780524693.0,292295610957.0,104038548363.0,-31658218720.0,6967392602.0,-24690826118,,-24690826118,-28184275168,23.07,,MBTO,2017
1371065340519.0,1346608342026.0,24456998493.0,1723643808.0,14202282773.0,10607609077.0,-1968069510.0,8639539567,,8639539567,8501159392,13.0,,MCAS,2017
,,,,247718.0,75317.0,-25418.0,49899,,49899,49899,3.0,,MCOR,2017
1990144575.0,691978224.0,1298166351.0,,617587708.0,640212360.0,-86709733.0,553502627,,553502627,537170871,140.31,,MDIA,2017
129425445.0,47704670.0,81720775.0,,7206887.0,63091039.0,-19957921.0,43133118,,43133118,30451894,0.0121,,MDKA,2017
368174.0,280493.0,87681.0,7111.0,27309.0,59299.0,-12200.0,47099,,47099,374256,2.8999999999999997e-05,,MDKI,2017
3195904064863.0,1257764609768.0,1938139455095.0,96756047305.0,454185739520.0,774750862050.0,-159977254004.0,614773608046,0.0,614773608046,596924704158,49.05,,MDLN,2017
224602172163.0,155353421628.0,69248750535.0,293708598353.0,85655257520.0,-951719740833.0,-110747530634.0,-1062467271467,,-1062467271467,-1060638240967,-231.26,,MDRN,2017
925642880.0,504908710.0,420734170.0,14634395.0,136758848.0,295482625.0,-139833439.0,155649186,-23840413.0,131808773,189647553,0.008595976302174643,,MEDC,2017
,,,84453223783.0,1771766296254.0,1649158845873.0,-349115560088.0,1300043285785,,1300043285785,1377885358328,187.0,,MEGA,2017
1156648155.0,568653431.0,587994724.0,292716263.0,92150137.0,205784642.0,-61107348.0,144677294,0.0,144677294,155964972,323.0,,MERK,2017
792013059935.0,274778610147.0,517234449788.0,,172218629982.0,159078617315.0,-65963374261.0,93115243054,,93115243054,91782101930,2.54,,META,2017
,,,,188829.0,441643.0,-108711.0,332932,,332932,319246,251.0,,MFIN,2017
110932692817.0,56035085537.0,54897607280.0,,25040853183.0,30384378457.0,-7254857394.0,23129521063,,23129521063,22291371313,31.0,,MFMI,2017
198690664862.0,171414542868.0,27276121994.0,20137525993.0,15263511548.0,-33547195262.0,-2382144678.0,-35929339940,19536821690.0,-16392518250,-16586385142,-35.81,,MGNA,2017
570153318185.0,256598187621.0,313555130564.0,,291675969024.0,101431580514.0,-34808469161.0,66623111353,0.0,66623111353,66095934240,111.9,,MICE,2017
9767592.0,7346291.0,2421301.0,2000902.0,174382.0,129235.0,-26423.0,102812,,102812,86853,35.67,,MIDI,2017
2495711813100.0,1310187669241.0,1185524143859.0,29633950636.0,426025632660.0,877154672813.0,-168392940271.0,708761732542,,708761732542,696989919880,47.0,,MIKA,2017
10032961818.0,3166317180.0,6866644638.0,976531402.0,9816435590.0,712553884.0,500227640.0,1212781524,,1212781524,849556461,14.16,,MINA,2017
121473498122.0,99758478056.0,21715020066.0,,12661526287.0,-21808409356.0,1756915569.0,-20051493787,,-20051493787,-17958992751,-4.77,,MIRA,2017
28672612639.0,19323267109.0,9349345530.0,,11709599247.0,-19165121524.0,-3575346317.0,-22740467841,-613892816.0,-23354360657,-22149892300,-14.54,,MITI,2017
6334113649170.0,6204295650385.0,129817998785.0,8733903319.0,90349116713.0,51456169951.0,-13536167764.0,37920002187,,37920002187,90239422106,5.0,,MKNT,2017
2541602115027.0,,,,,1354688299309.0,-161048475416.0,1193639823893,,1193639823893,1186586955893,1251.42,128090565778.0,MKPI,2017
3389736.0,1118032.0,2271704.0,525328.0,175267.0,1780020.0,-457953.0,1322067,0.0,1322067,1320897,627.0,,MLBI,2017
17077396.0,14868612.0,2208784.0,1094197.0,2829965.0,-2023748.0,101267.0,-1922481,98949.0,-1823532,-1810373,-134.0,,MLPL,2017
2140620071.0,1903000267.0,237619804.0,50471994.0,71907458.0,131871684.0,-31839287.0,100032397,,100032397,96746452,60.0,,MLPT,2017
208794196.0,20146444.0,188647752.0,,46202744.0,293104331.0,-39750.0,293064581,,293064581,292082689,43.0,,MMLP,2017
7052686.0,2670473.0,4382213.0,,1716460.0,2415650.0,-848104.0,1567546,,1567546,1573945,13319.0,,MNCN,2017
16086087.0,14250889.0,1835198.0,1126093.0,,481875.0,-194087.0,287788,124838.0,412626,494515,64.0,,MPMX,2017
12562780.0,11559515.0,1003265.0,489597.0,2062057.0,-1669614.0,426200.0,-1243414,,-1243414,-1255561,-233.0,,MPPA,2017
344678666245.0,145109272647.0,199569393598.0,149895559375.0,43984434952.0,-1355570984.0,72238875.0,-1283332109,,-1283332109,-2357785971,-3.0,,MRAT,2017
,,,,89016407946.0,185047232122.0,-23971724536.0,161075507586,,161075507586,167827661370,404.0,,MREI,2017
2655673.0,2425658.0,230015.0,62833.0,67828.0,-177223.0,-112114.0,-289337,,-289337,-359821,34.8,,MSKY,2017
10817141.0,9966264.0,850877.0,,386110.0,468483.0,-94242.0,374241,,374241,365488,103.0,,MTDL,2017
458818932934.0,,,,,17941586011.0,-3612521362.0,14329064649,0.0,14329064649,15180665465,0.45,,MTFN,2017
1263595248.0,446599656.0,816995592.0,72597346.0,198222503.0,610451141.0,-59440356.0,551010785,,551010785,537521885,59.0,,MTLA,2017
258272501858.0,208630132414.0,49642369444.0,,22926998336.0,16929632045.0,-6923268219.0,10006363826,,10006363826,9898122281,13.0,,MTRA,2017
24569351300.0,22033098829.0,2536252471.0,123916419.0,6054883306.0,-2638560991.0,-2164371789.0,-4802932780,,-4802932780,-5264591865,-20.61,,MTSM,2017
,,,,38747172381.0,-3237821112.0,-329275556.0,-3567096668,0.0,-3567096668,1873100323,-2.76,,MTWI,2017
188070083.0,160672366.0,27397717.0,,9423881.0,17016672.0,-4710316.0,12306356,,12306356,12114486,0.0056,,MYOH,2017
20816673946473.0,15841619191077.0,4975054755396.0,1909487278891.0,605008088455.0,2186884603474.0,-555930772581.0,1630953830893,,1630953830893,1570140423232,71.0,,MYOR,2017
885133359302.0,585657313409.0,299476045893.0,81841044954.0,90682820218.0,-63093378721.0,-22153703385.0,-85247082106,0.0,-85247082106,-84893265309,-1.55,,MYRX,2017
1640409.0,1666387.0,-25978.0,42030.0,64531.0,-309809.0,23324.0,-286485,,-286485,1203759,-92.0,,MYTX,2017
,,,,21060.0,8843.0,-2742.0,6101,,6101,6101,3.75,,NAGA,2017
14490258430.0,3964985461.0,10525272969.0,1722390978.0,8185921616.0,-20041594439.0,,-20041594439,,-20041594439,-20041594439,-1.89,,NASA,2017
176879872407.0,122360831751.0,54519040656.0,0.0,27629322684.0,27062779325.0,-2792285205.0,24270494120,,24270494120,24147442521,10.32,,NELY,2017
151792945.0,141573455.0,10219490.0,3314886.0,4699626.0,1441114.0,-81943.0,1359171,,1359171,1359171,0.0005,,NIKL,2017
1077046664.0,904729115.0,172317549.0,42312029.0,64236160.0,59678267.0,-15567442.0,44110825,,44110825,36931676,23.0,,NIPS,2017
380879695331.0,,,,,3573148682.0,148639194.0,3721787876,,3721787876,2974839955,0.35,,NIRO,2017
,,,,2805356.0,2877654.0,-701830.0,2175824,,2175824,2277778,189.65,,NISP,2017
,,,,180487.0,44595.0,-9610.0,34985,,34985,60189,7.88,,NOBU,2017
2163684653862.0,1948809130887.0,214875522975.0,,119207280277.0,245369937566.0,-91926388261.0,153443549305,,153443549305,134454436547,63.0,,NRCA,2017
31963100875.0,29106606210.0,2856494665.0,71474159.0,5987106090.0,-1384856717.0,,-1384856717,,-1384856717,-1348153717,4.0,,OASA,2017
10640382277.0,3398635021.0,7241747256.0,,27565010822.0,-28353349417.0,-2207837522.0,-30561186939,-13560951881.0,-44122138820,-42722878347,-111.86,,OCAP,2017
104870333.0,95087943.0,9782390.0,4567118.0,7336169.0,7346665.0,2659324.0,10005989,,10005989,10388843,0.0067,,OKAS,2017
182508958373.0,101959522675.0,80549435698.0,5057890668.0,140767984219.0,-67934434542.0,1740591982.0,-66193842560,,-66193842560,-65349410075,-36.85,,OMRE,2017
,,,1304702148.0,25741808817.0,50411339847.0,306649897.0,50717989744,,50717989744,39577537456,4.49,,PADI,2017
759994916.0,507181001.0,252813915.0,6404026.0,90347950.0,75485829.0,-7270138.0,68215691,,68215691,-17838041,9.59,,PALM,2017
2006136795.0,1504374977.0,501761818.0,45234203.0,386738194.0,60912276.0,-24821949.0,36090327,0.0,36090327,31054299,4.0,,PANR,2017
,,,177470919486.0,45009973467.0,210561813361.0,-30807348829.0,179754464532,,179754464532,178236184303,248.0,,PANS,2017
3490087264.0,2969444832.0,520642432.0,78730904.0,127863795.0,302782708.0,-71908740.0,230873968,,230873968,223258187,148.8,,PBID,2017
630066809911.0,487426357413.0,142640452498.0,,37212229889.0,109668326141.0,-13088566591.0,96579759550,,96579759550,96907182457,64.39,,PBSA,2017
135431651945.0,117649584013.0,17782067932.0,2749667445.0,14856802328.0,-645202337.0,1016112114.0,370909777,,370909777,126250413,2.0,,PCAR,2017
507982290890.0,364747243575.0,143235047315.0,13766324055.0,84496862731.0,41918578866.0,-11418797766.0,30499781100,,30499781100,29501346192,41.69,,PDES,2017
,,,,13736778269.0,34444338135.0,-2811535720.0,31632802415,,31632802415,31408611415,44.34,,PEGE,2017
2969591811.0,2172360007.0,797231804.0,237150171.0,202506628.0,275550022.0,-127766011.0,147784011,,147784011,146258780,0.006,,PGAS,2017
22562331131.0,10916904324.0,11645426807.0,7215922385.0,7659546119.0,2511981319.0,-1035199157.0,1476782162,,1476782162,1293161036,3.03,,PGLI,2017
747064722530.0,653313019753.0,93751702777.0,8216013645.0,25085617272.0,19249539065.0,-2425158838.0,16824380227,,16824380227,16682760989,29.35,,PICO,2017
1240030154039.0,640764948420.0,599265205619.0,47302249302.0,203387979673.0,348458343150.0,-124303755073.0,224154588077,,224154588077,205145218595,138.0,,PJAA,2017
11148530.0,12051367.0,-902837.0,28750.0,17563496.0,-19517958.0,9077866.0,-10440092,,-10440092,-10411858,-19.0,,PKPK,2017
62366183599.0,,,,,-12523588207.0,-1400584405.0,-13924172612,,-13924172612,-13617131568,-12.67,518363080.0,PLAS,2017
1609456677.0,612130920.0,997325757.0,,456826906.0,280440687.0,5848171.0,286288858,,286288858,279686697,89.29,,PLIN,2017
,,,,1755686.0,2963453.0,-955016.0,2008437,,2008437,1950306,100.15,,PNBN,2017
,,,,236820896.0,-974802712.0,5951415.0,-968851297,,-968851297,-945099853,-96.66,,PNBS,2017
,,,,426402.0,774683.0,-26400.0,748283,1115205.0,1863488,1934116,256.81,,PNIN,2017
,,,,224262.0,1622316.0,-12853.0,1609463,,1609463,1683031,45.52,,PNLF,2017
224070107624.0,91035425950.0,133034681674.0,67944281441.0,,29116026166.0,-1387333038.0,27728693128,,27728693128,22796521546,22.0,,PNSE,2017
399776871.0,371785957.0,27990914.0,8416514.0,16498407.0,-983840.0,-3424724.0,-4408564,,-4408564,-5674811,-0.002,,POLY,2017
214025744461.0,0.0,214025744461.0,,52497636683.0,236896886135.0,-11916083687.0,224980802448,,224980802448,224567007029,103.44,,POOL,2017
1209085300.0,726973340.0,482111960.0,0.0,324908592.0,85362947.0,-57275813.0,28087134,,28087134,30082005,15.948965412844998,,PORT,2017
566147774.0,358191894.0,207955880.0,4938321.0,46711533.0,146705651.0,-39372018.0,107333633,,107333633,107527124,0.0067,,POWR,2017
1816312696974.0,,,,,301340012063.0,-56789545667.0,244550466396,,244550466396,247479907973,41.0,205860350769.0,PPRE,2017
2708881065095.0,2059293428854.0,649587636241.0,,161173688361.0,463309251913.0,-3666415501.0,459642836412,,459642836412,499655987670,8.1,,PPRO,2017
348471154143.0,273396340279.0,75074813864.0,5703616885.0,35781123946.0,4006380783.0,-7232649056.0,-3226268273,0.0,-3226268273,-3226268273,4.6,,PRAS,2017
1466017.0,612487.0,853530.0,,712688.0,196714.0,-45917.0,150797,,150797,110686,160.85,,PRDA,2017
177595506808.0,129518914444.0,48076592364.0,0.0,21671338299.0,27020382863.0,-6752320470.0,20268062393,,20268062393,19895335900,9.0,,PRIM,2017
219406054.0,93626710.0,125779344.0,,60203379.0,27979164.0,-12081152.0,15898012,,15898012,9808924,0.0005,,PSAB,2017
1399580416996.0,1204486947065.0,195093469931.0,17129269596.0,107656936741.0,53668563773.0,-21517999438.0,32150564335,,32150564335,26354877785,14.68,,PSDN,2017
68363165142.0,37964752613.0,30398412529.0,,64197867710.0,-33214675150.0,-96476331.0,-33311151481,,-33311151481,-33311151481,-4.17,,PSKT,2017
49006709.0,38460218.0,10546491.0,0.0,3831092.0,4697936.0,-779750.0,3918186,,3918186,3745451,0.0029,,PSSI,2017
19471030.0,10964524.0,8506506.0,911340.0,1333913.0,6101629.0,-1554397.0,4547232,0.0,4547232,3859402,425.0,,PTBA,2017
10983367.0,7885153.0,3098214.0,478722.0,2817529.0,-1918870.0,-191943.0,-2110813,,-2110813,-455648,-0.0038,,PTIS,2017
21502259604154.0,18250798096637.0,3251461507517.0,,726105708897.0,1792261562466.0,-68408668180.0,1723852894286,,1723852894286,1808445518162,234.0,,PTPP,2017
259868.0,218943.0,40925.0,,19004.0,10794.0,-2483.0,8311,,8311,7335,0.0082,,PTRO,2017
85883879.0,76984273.0,8899606.0,9017364.0,,759306.0,-266879.0,492427,,492427,235665,0.00035,,PTSN,2017
536443761.0,200200234.0,336243527.0,242590484.0,64456509.0,14659621.0,-4413908.0,10245713,,10245713,11288712,35.7,,PTSP,2017
136120329878.0,84785477652.0,51334852226.0,3366961156.0,45414928288.0,5396911756.0,621109141.0,6018020897,,6018020897,6088135371,18.27,,PUDP,2017
5717537579.0,2353435226.0,3364102353.0,222099812.0,347159820.0,2071691771.0,-47064731.0,2024627040,0.0,2024627040,2002490448,38.89,,PWON,2017
223002490278.0,88026695943.0,134975794335.0,89663552531.0,33496825061.0,9599280773.0,-2471878605.0,7127402168,,7127402168,4898942284,13.32,,PYFA,2017
148890795.0,124421379.0,24469416.0,,22587024.0,18265778.0,-4472001.0,13793777,,13793777,14391862,0.0029,,RAJA,2017
5622728.0,3410434.0,2212294.0,379456.0,1476485.0,466592.0,-60012.0,406580,,406580,398967,60.48,,RALS,2017
2189573735873.0,1648440933291.0,541132802582.0,315974567851.0,218775001162.0,47109826388.0,-9424241390.0,37685584998,,37685584998,35307179648,25.0,,RANC,2017
73176900000.0,44772962312.0,28403937688.0,2519917681.0,9680257689.0,15273870997.0,-754090277.0,14519780720,,14519780720,14073122886,44.43,,RBMS,2017
395780873819.0,118946610222.0,276834263597.0,66877085658.0,,249142489265.0,-199297431.0,248943191834,-2033470260.0,246909721574,248246602835,922.0,,RDTX,2017
1600432168098.0,1291873066620.0,308559101478.0,133841593699.0,76648869252.0,25808846585.0,-9250283887.0,16558562698,,16558562698,14427701711,19.58,,RICY,2017
23401438.0,25782336.0,-2380898.0,,3588296.0,-13855459.0,-224598.0,-14080057,,-14080057,-13995841,-0.0231,,RIGS,2017
283485882883.0,173070027985.0,110415854898.0,5331191536.0,74279641803.0,61932492552.0,-468087192.0,61464405360,,61464405360,62076679247,0.01,,RIMO,2017
20258870.0,18160853.0,2098017.0,1847568.0,798503.0,-400127.0,-79936.0,-480063,,-480063,-517697,13.19,,RMBA,2017
291276991934.0,,,,,24060421218.0,16637191111.0,40697612329,,40697612329,41945895680,1.44,2772069224.0,RODA,2017
2491100179560.0,1183169352508.0,1307930827052.0,806041606458.0,300932618037.0,186147334530.0,-50783313391.0,135364021139,,135364021139,124467558054,27.66,,ROTI,2017
1125128522648.0,926069356015.0,199059166633.0,1235521190.0,118261835564.0,38913911728.0,-17991548295.0,20922363433,,20922363433,25190321669,27.17,,RUIS,2017
0.0,0.0,0.0,0.0,3669160353.0,-9681999973.0,1675190939.0,-8006809034,0.0,-8006809034,-7630324505,-13.02,,SAFE,2017
775567241680.0,418927956473.0,356639285207.0,13297220044.0,186358243869.0,96608031757.0,-24592896448.0,72015135309,,72015135309,194576730918,12.21,,SAME,2017
1038294528.0,190531553.0,847762975.0,15240171.0,677943769.0,262869874.0,-36542101.0,226327773,,226327773,221315168,17.51,,SCBD,2017
4440404595541.0,3908921718806.0,531482876735.0,76450806678.0,138421516986.0,345230356594.0,-75500057785.0,269730298809,,269730298809,1561911864501,1310.0,,SCCO,2017
4453848569.0,1834630699.0,2619217870.0,,839886617.0,1782043501.0,-464295437.0,1317748064,,1317748064,1308265375,91.06,,SCMA,2017
2184623635.0,1855951132.0,328672503.0,53286090.0,79909330.0,180641570.0,-58126560.0,122515010,,122515010,121528611,34032.0,,SCPI,2017
102961872508.0,87551340531.0,15410531977.0,36464399270.0,,-38510992004.0,710605807.0,-37800386197,,-37800386197,-38738937568,-33.03,,SDMU,2017
2110824973137.0,1931226824091.0,179598149046.0,39945879142.0,88938892094.0,20674313211.0,-6493967686.0,14180345525,,14180345525,13433972525,18.89,,SDPC,2017
,,,,390379.0,595492.0,-156767.0,438725,,438725,431708,66.67,,SDRA,2017
3616482911.0,2654369117.0,962113794.0,78853308.0,252669766.0,481330943.0,-178304153.0,303026790,,303026790,308774154,158.0,,SGRO,2017
169232744204.0,28906842008.0,140325902196.0,3750267263.0,111390810525.0,2725449247.0,-1267380329.0,1458068918,,1458068918,268518211,0.04,,SHID,2017
46313611.0,25822800.0,20490811.0,,3691001.0,14504880.0,-1391717.0,13113163,0.0,13113163,13026108,0.003,,SHIP,2017
2573840.0,1411881.0,1161959.0,364203.0,172018.0,681889.0,-148090.0,533799,,533799,522719,35.9,,SIDO,2017
5848006.0,4196881.0,1651125.0,74658.0,1279476.0,200039.0,-96518.0,103521,,103521,109499,68.29,,SILO,2017
3748725250.0,1235431690.0,2513293560.0,,2760731000.0,-287760080.0,449729386.0,161969306,,161969306,-9760694,0.37,,SIMA,2017
15826648.0,12402617.0,3424031.0,608223.0,934319.0,1193869.0,-498436.0,695433,,695433,557376,33.0,,SIMP,2017
2449961.0,2203687.0,246274.0,180197.0,212109.0,-237482.0,-117443.0,-354925,,-354925,-351519,-265.07,,SIPD,2017
1841487199828.0,1655321857120.0,186165342708.0,53608400130.0,103126402694.0,31761022154.0,-5880557363.0,25880464791,,25880464791,24053484551,15.4,,SKBM,2017
914188759779.0,677184873211.0,237003886568.0,107267914687.0,88442242664.0,27370565356.0,-4399850008.0,22970715348,0.0,22970715348,14526810606,33.6,,SKLT,2017
35318102.0,30993225.0,4324877.0,1511525.0,1246084.0,1198394.0,-21023.0,1177371,,1177371,1172359,410.0,,SMAR,2017
1551524990.0,1078706539.0,472818451.0,85403477.0,199807120.0,208947154.0,-62298722.0,146648432,,146648432,134717866,0.02,,SMBR,2017
9382120.0,7507994.0,1874126.0,1144078.0,538004.0,-690455.0,-67590.0,-758045,0.0,-758045,-863644,-99.0,,SMCB,2017
468479918789.0,243312994895.0,225166923894.0,45654683650.0,138084362690.0,33172576351.0,-13435194706.0,19737381645,,19737381645,17501005535,2.79,,SMDM,2017
430754674.0,365863962.0,64890712.0,,40679820.0,17145071.0,-5608023.0,11537048,,11537048,12812413,0.003,,SMDR,2017
27813664176.0,19854065409.0,7959598767.0,2411722674.0,2421984391.0,2746546363.0,-703520449.0,2043025914,,2043025914,1707594128,340.0,,SMGR,2017
746903.0,747540.0,-637.0,,3282333.0,2098835.0,-260378.0,1838457,,1838457,2743483,227.0,,SMMA,2017
57637418578.0,42604342597.0,15033075981.0,,32073857134.0,40078001432.0,,40078001432,,40078001432,39993708132,9.86,,SMMT,2017
5640751809.0,3073588401.0,2567163408.0,338796409.0,889842457.0,798948092.0,-266510479.0,532437613,,532437613,509451941,25.1,,SMRA,2017
55324434.0,49037995.0,6286439.0,,10651966.0,-986375.0,3395850.0,2409475,,2409475,2168968,0.0002,,SMRU,2017
3339964.0,2333049.0,1006915.0,178480.0,152812.0,720638.0,-165250.0,555388,,555388,563302,87.0,,SMSM,2017
138832152.0,91521267.0,47310885.0,,11892880.0,23266476.0,-1731583.0,21534893,,21534893,21348022,0.0031,,SOCI,2017
1582767220537.0,851146034833.0,731621185704.0,315268385751.0,317810946115.0,69184005689.0,-15112812495.0,54071193194,,54071193194,52369486768,163.0,,SONA,2017
2093137904266.0,1777790483983.0,315347420283.0,84628628494.0,57560479277.0,121308934629.0,-29028817395.0,92280117234,,92280117234,93048783846,44.0,,SPMA,2017
246858.0,,246858.0,,153651.0,-286499.0,,-286499,,-286499,-277583,-0.00095,,SQMI,2017
631679891159.0,519803669533.0,111876221626.0,7370497772.0,195544618234.0,-100079633904.0,-1201460881.0,-101281094785,,-101281094785,-99172280240,-9.24,,SRAJ,2017
759349865.0,588079100.0,171270765.0,12536689.0,24545553.0,72141142.0,-4105822.0,68035320,,68035320,65759702,0.0036,,SRIL,2017
521481727.0,407409419.0,114072308.0,26353619.0,47295992.0,18969208.0,-1270641.0,17698567,,17698567,13452266,2.94,,SRSN,2017
,,,,202232.0,3187469.0,-79292.0,3108177,,3108177,3160090,1192.0,,SRTG,2017
3274150704829.0,2410215890083.0,863934814746.0,51126550887.0,578376121254.0,1698096567386.0,-456739565957.0,1241357001429,,1241357001429,1212376240974,252.39,,SSIA,2017
3240831859.0,,,,,1093697928.0,-302775156.0,790922772,,790922772,771878693,82.63,249260451.0,SSMS,2017
343842837211.0,340200437602.0,3642399609.0,10471880624.0,14721632142.0,-31048829703.0,7338995959.0,-23709833744,,-23709833744,-25474738733,-20.0,,SSTM,2017
114496159735.0,90260282563.0,24235877172.0,285239095.0,3812663656.0,4758401598.0,-4163674800.0,594726798,,594726798,256336228,0.09,,STAR,2017
2825409180889.0,2211949522001.0,613459658888.0,187164072650.0,100764758001.0,288545819603.0,-72521739769.0,216024079834,,216024079834,215838898689,165.16,,STTP,2017
65920016.0,58768879.0,7151137.0,1784565.0,3757570.0,546092.0,800074.0,1346166,,1346166,1463037,0.000338,,SULI,2017
1908487.0,438822.0,1469665.0,,160022.0,211135.0,119827.0,330962,,330962,-589653,290.94,,SUPR,2017
646087885410.0,576604310384.0,69483575026.0,12899611305.0,25907212952.0,31954151234.0,-10488314450.0,21465836784,,21465836784,18329651953,16.0,,TALF,2017
14839558.0,12473369.0,2366189.0,,1123089.0,-3030320.0,-126611.0,-3156931,,-3156931,-3129102,0.00086,,TAMU,2017
51301768863.0,,,,,2602557872.0,-1326079588.0,1276478284,,1276478284,1107700911,0.04,427120822.0,TARA,2017
304711723.0,488090369.0,-183378646.0,,199361306.0,-548791076.0,56688766.0,-492102310,,-492102310,-490200118,-229.02,,TAXI,2017
4023085.0,667761.0,3355324.0,,343178.0,907639.0,1431390.0,2339029,,2339029,2282228,520.8,,TBIG,2017
8974708.0,6709085.0,2265623.0,257459.0,338455.0,1244596.0,-290239.0,954357,,954357,900718,177.64,,TBLA,2017
620635053.0,597685764.0,22949289.0,3974539.0,3700237.0,10623879.0,-3040208.0,7583671,,7583671,7583671,0.02,,TBMS,2017
2706394847919.0,1699417758295.0,1006977089624.0,568987731498.0,212668813623.0,243083045787.0,-63956663719.0,179126382068,,179126382068,157605162569,891.0,,TCID,2017
27914330.0,26366180.0,1548150.0,156289.0,584942.0,561256.0,-143094.0,418162,,418162,415056,57.0,,TELE,2017
216591205.0,204655712.0,11935493.0,1737677.0,3845922.0,6143762.0,-2871553.0,3272209,,3272209,3091046,0.0007,,TFCO,2017
10046979338664.0,8927678577375.0,1119300761289.0,618900265056.0,184088812869.0,325696478507.0,-70744915570.0,254951562937,0.0,254951562937,250865361937,266.11,,TGKA,2017
37920313614.0,27745347106.0,10174966508.0,185300000.0,9997407775.0,260251230.0,380658593.0,640909823,,640909823,523775430,0.34,,TGRA,2017
,,,412543.0,16314113.0,30862767.0,-7852403.0,23010364,,23010364,22980456,21.31,,TIFA,2017
9217160.0,7691597.0,1525563.0,83754.0,710853.0,716211.0,-207297.0,508914,-6497.0,502417,483358,68.0,,TINS,2017
243363641670.0,160393898637.0,82969743033.0,,84420812168.0,-11259807057.0,495029333.0,-10764777724,0.0,-10764777724,-6027995930,-17.19,,TIRA,2017
795611411050.0,697837557027.0,97773854023.0,60878092761.0,38126760872.0,2334588272.0,-1333202330.0,1001385942,,1001385942,5494198601,0.99,,TIRT,2017
1011715.0,902570.0,109145.0,39051.0,44014.0,35542.0,-8232.0,27310,,27310,27539,0.0095,,TKIM,2017
128256.0,,,,,42659.0,-9958.0,32701,,32701,30369,223.55,20446.0,TLKM,2017
2000911017962.0,1729129837657.0,271781180305.0,,117577910444.0,19308285740.0,34050001618.0,53358287358,,53358287358,51652102783,46.0,,TMAS,2017
55162856908.0,46274607770.0,8888249138.0,6653136366.0,7763427719.0,3510592446.0,-2933815985.0,576776461,,576776461,207179955,1.26,,TMPI,2017
310709476.0,216601137.0,94108339.0,507108.0,29725335.0,60195507.0,-18825616.0,41369891,,41369891,51394071,0.0107,,TOBA,2017
2936372440.0,2496111837.0,440260603.0,,206589675.0,234016063.0,-2746978.0,231269085,,231269085,220938716,71.71,,TOTL,2017
2171861931164.0,1627586529130.0,544275402034.0,48250306478.0,122260229567.0,377660867510.0,-98725062966.0,278935804544,,278935804544,252477077005,27.02,,TOTO,2017
5337939.0,1172298.0,4165641.0,80418.0,376494.0,2802960.0,-702822.0,2100138,0.0,2100138,2147933,206.0,,TOWR,2017
2418509.0,1873505.0,545004.0,42377.0,38295.0,424602.0,-105448.0,319154,,319154,317616,0.0186,,TPIA,2017
37711769.0,26955279.0,10756490.0,,3182044.0,5331362.0,-452541.0,4878821,,4878821,4753115,0.0019,,TPMA,2017
38654735.0,32264302.0,6390433.0,,4261742.0,-1472817.0,1767297.0,294480,,294480,353409,-4.99e-05,,TRAM,2017
13855133512.0,9014690176.0,4840443336.0,1217468800.0,13095799443.0,-9828956930.0,-181137704.0,-10010094634,,-10010094634,-10020726051,-8.34,,TRIL,2017
,,,35479741789.0,20173711871.0,78219785536.0,-24019780178.0,54200005358,0.0,54200005358,53746502108,7.91,,TRIM,2017
2028659770454.0,1870691736832.0,157968033622.0,117380082691.0,116515482363.0,-124815870429.0,-65124325143.0,-189940195572,,-189940195572,-189127787915,-19.0,,TRIO,2017
773806956330.0,592289133221.0,181517823109.0,73574257394.0,74534944635.0,21833987786.0,-7635098236.0,14198889550,0.0,14198889550,19758354732,1.42,,TRIS,2017
2354938016436.0,2159382022383.0,195555994053.0,78552583150.0,64976815771.0,12513681277.0,25686000465.0,38199681742,,38199681742,57254313472,14.0,,TRST,2017
,,,,6748849443.0,16960880211.0,-3615559619.0,13345320592,,13345320592,13698802916,16.68,,TRUS,2017
9565462045199.0,5907286902999.0,3658175142200.0,2488441696775.0,547288289015.0,744090262873.0,-186750680877.0,557339581996,,557339581996,461697432471,121.0,,TSPC,2017
12917257.0,,,,,593261.0,-117058.0,476203,,476203,455040,85.0,201463.0,TURI,2017
4879559.0,3056681.0,1822878.0,689769.0,172082.0,1026231.0,-314550.0,711681,,711681,694642,61.0,,ULTJ,2017
320549223.0,281490536.0,39058687.0,8822974.0,11698184.0,17653780.0,-5722381.0,11931399,0.0,11931399,12305298,0.0328,,UNIC,2017
103245048266.0,71817530038.0,31427518228.0,705226296.0,3836208730.0,1539428122.0,-477304066.0,1062124056,,1062124056,1236507474,8.42,,UNIT,2017
1504817.0,916696.0,588121.0,27822.0,408814.0,-1218203.0,-364520.0,-1582723,-58226.0,-1640949,-1669759,-1153.28835960173,,UNSP,2017
64559204.0,50075332.0,14483872.0,1028852.0,2698558.0,10522657.0,-2849335.0,7673322,,7673322,7299634,1985.0,,UNTR,2017
41204510.0,19984776.0,21219734.0,7839387.0,3875371.0,9371661.0,-2367099.0,7004562,,7004562,7107230,918.0,,UNVR,2017
1014875516.0,465275144.0,549600372.0,,,208145194.0,-39091950.0,169053244,,169053244,272021632,10.36,,VICO,2017
,,,,14672260767.0,8512528406.0,302250254.0,8814778660,,8814778660,22451190209,6.07,,VINS,2017
2774985411.0,920891216.0,1854094195.0,,1147860482.0,305408516.0,-95731649.0,209676867,,209676867,163236824,9.211,,VIVA,2017
2258316807862.0,1784978654927.0,473338152935.0,96474490239.0,102812759786.0,230242661579.0,-64037702240.0,166204959339,,166204959339,161701164885,39.99,,VOKS,2017
,,,9541528.0,37464320.0,10329935.0,-2777720.0,7552215,,7552215,6372997,3.81,,VRNA,2017
3899286413385.0,3435515798908.0,463770614477.0,,55039946857.0,295680716111.0,65083929.0,295745800040,,295745800040,287093724612,49.02,,WEGE,2017
138290318255.0,83299550037.0,54990768218.0,4681759242.0,38544236786.0,68341209545.0,-17916532749.0,50424676796,,50424676796,49411247342,55.0,,WEHA,2017
992751074239.0,914415261187.0,78335813052.0,81331748074.0,43745674109.0,168784660732.0,168149172.0,168952809904,,168952809904,167648882904,133.14,,WICO,2017
1476427090781.0,1043634733778.0,432792357003.0,230132391333.0,158487422680.0,54491308212.0,-13901517361.0,40589790851,,40589790851,19591392031,19.3052189194459,,WIIM,2017
26176403026.0,23300168938.0,2876234088.0,9958720.0,666714155.0,2091870566.0,-735755077.0,1356115489,,1356115489,1308466060,134.1,,WIKA,2017
61955985.0,59479761.0,2476224.0,679785.0,7047363.0,-39736982.0,-122096.0,-39859078,,-39859078,-39953163,-0.00671,,WINS,2017
,,,,604830.0,237461.0,-56796.0,180665,,180665,174513,51.89,,WOMF,2017
1734702205527.0,1173875443017.0,560826762510.0,75868397253.0,131650998631.0,233877590428.0,-62445782633.0,171431807795,,171431807795,169621061001,30.85,,WOOD,2017
7104157901230.0,5155966777478.0,1948191123752.0,6990531406.0,407523945387.0,1156234012013.0,-155903861503.0,1000330150510,,1000330150510,1004518533244,38.64,,WSBP,2017
45212897632604.0,35749365206806.0,9463532425798.0,37297688405.0,2066601482858.0,4620646154705.0,-419073663951.0,4201572490754,,4201572490754,4176782486102,284.14,,WSKT,2017
5362263237778.0,4695623846375.0,666639391403.0,3549851346.0,132730800385.0,419501620159.0,-79042760767.0,340458859392,,340458859392,338417312542,38.68,,WTON,2017
302591131450.0,284888808374.0,17702323076.0,5593681229.0,14886109935.0,-14897231307.0,397202887.0,-14500028420,,-14500028420,-14908398746,-22.0,,YPAS,2017
,,,,3463826581.0,-4651292403.0,62767450.0,-4588524953,,-4588524953,-881875413,-3.0,,YULE,2017
15874291710.0,13833159802.0,2041131908.0,0.0,4222991900.0,423089657.0,-47574007.0,375515650,0.0,375515650,472030604,0.44,,ZBRA,2017
435867897835.0,289968118467.0,145899779368.0,28074102854.0,37026132330.0,65814668581.0,-20572869059.0,45241799522,,45241799522,44645429730,8.96,,ZINC,2017
