cash_and_equivalents,account_receivables_third_party,account_receivables_related_party,total_current_assets,fixed_assets,total_non_current_assets,total_assets,total_current_liabilities,total_non_current_liabilities,total_equity,ticker_code,year
262292.0,71302.0,476236.0,4245730.0,10152225.0,20689696.0,24935426,2309417.0,4089571.0,18536438,AALI,2017
47561973397.0,78924760998.0,3741201806.0,148023583560.0,40083739716.0,280202413496.0,428225997056,122425613582.0,187037376113.0,118763007361,ABBA,2017
505500828.0,,,,93794209.0,,2966605878,,,1375352652,ABDA,2017
140690492.0,113422797.0,26088605.0,339479131.0,602810653.0,703194675.0,1042673806,212589704.0,667761077.0,162323025,ABMM,2017
902227973886.0,42700492063.0,47136653365.0,3358272302312.0,359229296682.0,1070568248167.0,4428840550479,478208556747.0,440210145942.0,3510421847790,ACES,2017
215119.0,306342.0,3276.0,,486798.0,,5306479,,,1437127,ACST,2017
25507.0,140594.0,,294244.0,478184.0,545992.0,840236,244888.0,172337.0,423011,ADES,2017
4131173781445.0,826325518931.0,2096482385511.0,24817671201079.0,1520930722412.0,3515276811871.0,28332948012950,17633289239294.0,4829741347659.0,5869917425997,ADHI,2017
220471.0,,,,208426.0,,29492933,,,5745415,ADMF,2017
27434955.0,26053491.0,15218383.0,149564786.0,219511077.0,224545517.0,374110303,69487329.0,65031095.0,239591879,ADMG,2017
1206848.0,314581.0,137.0,1979162.0,1506553.0,4834985.0,6814147,773302.0,1949218.0,4091627,ADRO,2017
344351.0,307738.0,104541.0,1526964.0,4671372.0,4876579.0,6403543,1014745.0,2030788.0,3358010,AGII,2017
,,,,264127377.0,,16325247007,,,3111284877,AGRO,2017
,,,,28308.0,,3892516,,,564154,AGRS,2017
69097069379.0,,,,28969276539.0,,419786852337,,,200543863001,AHAP,2017
43138538.0,,,15100638538.0,,0.0,15100638538,127732121.0,0.0,14972906417,AIMS,2017
181613.0,2114677.0,588236.0,4536882.0,3178987.0,4187852.0,8724734,3902708.0,1417147.0,3404879,AISA,2017
45403333.0,434959458.0,35049.0,1003030428.0,1588222494.0,1742295405.0,2745325833,961284302.0,657429040.0,1126612491,AKPI,2017
1771229012.0,2695916046.0,216320.0,8816349100.0,4214694189.0,8006859431.0,16823208531,5429491457.0,2364067727.0,9029649347,AKRA,2017
25311060218.0,8807521854.0,5581052646.0,,26005652617.0,,115244595498,,,82960192466,AKSI,2017
9115361639.0,183485698733.0,8939925782.0,348662337262.0,147610455698.0,150039319733.0,498701656995,242051192180.0,27227641639.0,229422823176,ALDO,2017
20746931.0,154582741.0,,277157394.0,22603493.0,28051309.0,305208703,213515571.0,13202255.0,78490877,ALKA,2017
51808282103.0,222376266269.0,50265172624.0,1701281476100.0,644735905720.0,675000320828.0,2376281796928,1747767173359.0,249644071180.0,378870552389,ALMI,2017
5547508722.0,40595404346.0,554154210.0,192943940639.0,893121939349.0,916440030472.0,1109383971111,179485187884.0,510613994527.0,419284788700,ALTO,2017
61418035.0,,,,167302129.0,,3886960940,,,1854009404,AMAG,2017
346195.0,129972.0,237799.0,2003321.0,4068690.0,4264495.0,6267816,996903.0,1722036.0,3548877,AMFG,2017
6734140032.0,165057021119.0,,257665373808.0,99664970627.0,103240844767.0,360906218575,144509470711.0,34258309053.0,182138438811,AMIN,2017
946700.0,1891491.0,5627.0,11544190.0,6042904.0,10357550.0,21901740,13055903.0,3595667.0,5250170,AMRT,2017
46404941.0,3132403.0,,80796928.0,175682881.0,485727014.0,566523942,55602980.0,118538773.0,392382189,ANJT,2017
5550677020.0,969035598.0,2132558.0,9001938755.0,14092994799.0,21012334697.0,30014273452,5552461635.0,5971408300.0,18490403517,ANTM,2017
10029740.0,30682969.0,,84441537.0,491872145.0,493193058.0,577634595,376352687.0,248277417.0,-46995509,APEX,2017
141598952929.0,513548394288.0,,2030924073880.0,171700864119.0,362429102783.0,2393353176663,522928989173.0,213072210894.0,1657351976596,APIC,2017
15063563369.0,49946689220.0,1067202602.0,244356486419.0,173517072505.0,178824820561.0,423181306980,162612162913.0,13176519133.0,247392624934,APII,2017
5634250207.0,57587237763.0,,126404952607.0,261132927270.0,272293827012.0,398698779619,73638951697.0,97875830674.0,227183997248,APLI,2017
2297047219.0,1315395092.0,,9432973701.0,4019617009.0,19357142313.0,28790116014,7220222779.0,10072915686.0,11496977549,APLN,2017
89481833812.0,72125137102.0,81829858253.0,343714015687.0,805257261948.0,823936476378.0,1167650492065,6671078810973.0,67928144421.0,-5571356463329,APOL,2017
792214.0,2432552.0,292920.0,20198775.0,72667890.0,78261067.0,98459842,109578487.0,61177434.0,-72296079,ARGO,2017
4462.0,8024.0,,39409.0,66583.0,287646.0,327055,181402.0,105888.0,39765,ARII,2017
141430466678.0,,16466848972.0,437597092925.0,1665173278.0,1187271348562.0,1624868441487,416524374452.0,71456116284.0,1136887950751,ARMY,2017
59531055920.0,22834027951.0,502676230333.0,740190524246.0,833704877050.0,861156037327.0,1601346561573,455152838360.0,116793930674.0,1029399792539,ARNA,2017
62549014931.0,6929033048.0,,92229146470.0,269920677313.0,291987423388.0,384216569858,11051282357.0,55379888422.0,317785399079,ARTA,2017
21799624.0,,,,114005987.0,,738102955,,,267548015,ASBI,2017
13801726.0,,,,30419687.0,,1076575416,,,295392424,ASDM,2017
676587.0,546961.0,118291.0,1902849.0,408200.0,509023.0,2411872,1029675.0,61013.0,1321184,ASGR,2017
31574.0,20806.0,1385.0,121293.0,48402.0,174353.0,295646,98722.0,40595.0,156329,ASII,2017
14519676151.0,,,,75147449627.0,,446108163202,,,211444436676,ASJT,2017
3063169002.0,,,,24028162241.0,,858490283480,,,454968310890,ASMI,2017
718086444.0,200701605.0,9567717.0,2317958282.0,1225363874.0,18410472205.0,20728430487,3143479123.0,9012259784.0,8572691580,ASRI,2017
58834584316.0,,,,49348563105.0,,1418524795003,,,356295920510,ASRM,2017
84903045576.0,207492262301.0,40458000.0,343676979857.0,2764780686533.0,2963719938698.0,3307396918555,802405786738.0,1519181468376.0,985809663441,ASSA,2017
331303191362.0,1003100971948.0,55835717967.0,2560726667547.0,515634041247.0,697292945236.0,3258019612783,2238524515731.0,215628763760.0,803866333292,ATIC,2017
891850.0,0.0,0.0,42508637.0,846225245.0,962343426.0,1004852063,217211363.0,390663631.0,396977069,ATPK,2017
679916.0,1258363.0,566556.0,5228541.0,3526867.0,9533768.0,14762309,3041502.0,961731.0,10759076,AUTO,2017
,,,,55113.0,,10706094,,,1252548,BABP,2017
,,,,328164.0,,16349473,,,1408386,BACA,2017
12100305546.0,161573295798.0,11188085320.0,727240100955.0,200831592410.0,219208835509.0,946448936464,760156840021.0,14275886170.0,172016210273,BAJA,2017
39465299921.0,81846187247.0,,287439981745.0,1943345508630.0,2134263667005.0,2421703648750,495349216771.0,788599500902.0,1137754931077,BALI,2017
2893180312.0,0.0,,129366818833.0,43196422.0,49669155218.0,179035974051,55374100816.0,3511327910.0,120150545325,BAPA,2017
300673281210.0,190337460861.0,,551282876519.0,48400193418.0,208227134977.0,759510011496,321795178623.0,32243346803.0,405471486070,BAYU,2017
,,,,16868949.0,,750319671,,,131401694,BBCA,2017
,,,,32682159575.0,,2458823912630,,,440333456571,BBHI,2017
,,,,2755289.0,,106442999,,,6758952,BBKP,2017
120381.0,,,,99309.0,,4367934,,,1129541,BBLD,2017
,,,,463125169774.0,,11817844456356,,,3082638026520,BBMD,2017
,,,,22804689.0,,709330084,,,100903304,BBNI,2017
,,,,24746306.0,,1126248442,,,167347494,BBRI,2017
2133011.0,2389544.0,16069.0,5352564.0,90169434.0,90388693.0,95741257,64798536.0,260744.0,30681977,BBRM,2017
,,,,4837319.0,,261365267,,,21663434,BBTN,2017
,,,,71537971851.0,,5004795018159,,,676191287257,BBYB,2017
1780674.0,,,,263440.0,,19883263,,,5627520,BCAP,2017
,,,,223484.0,,17171181,,,1512324,BCIC,2017
,,,,2287700.0,,178257092,,,39172152,BDMN,2017
,,,,60204.0,,7658924,,,788358,BEKS,2017
44619482919.0,96162758324.0,3884536385.0,333171768612.0,122239107796.0,132793387133.0,465965155745,187735291863.0,37350505750.0,240879358132,BELL,2017
502176284260.0,290547410798.0,58581773465.0,2044717085481.0,162614587392.0,3674283914059.0,5719000999540,740813856691.0,1130001581400.0,3848185561449,BEST,2017
225203.0,,,,457376.0,,16483273,,,4904266,BFIN,2017
,,,,61960.0,,4581932,,,1118360,BGTG,2017
2700509.0,3275007.0,84609.0,20035492.0,12801851.0,36488319.0,56523811,18897593.0,13540028.0,24086190,BHIT,2017
164774748077.0,13244038940.0,,1870261218478.0,187922618814.0,504182169314.0,2374443387792,472440994184.0,1206355797536.0,695646596072,BIKA,2017
17757501843.0,13744954448.0,,72385157397.0,10990004495.0,16942171456.0,89327328853,84180581813.0,89784120761.0,-84637373721,BIMA,2017
,,,,5337.0,,3123345,,,1204184,BINA,2017
10746491.0,170236.0,,63019722.0,14995181.0,1254932420.0,1317952142,446995769.0,524936071.0,346020302,BIPI,2017
55863540697.0,5956248208.0,310136939.0,118585246238.0,157061893991.0,1630055650868.0,1748640897106,106459750880.0,428327784246.0,1213853361980,BIPP,2017
474289.0,175602.0,2763.0,771222.0,5605524.0,5745265.0,6516487,435947.0,1149615.0,4930925,BIRD,2017
535617.0,818613.0,12427.0,2041770.0,512280.0,580566.0,2622336,362250.0,59976.0,2200110,BISI,2017
,,,,2925337.0,,114980168,,,10104975,BJBR,2017
,,,,943613.0,,51518681,,,7816074,BJTM,2017
6334205342.0,2105148701.0,376957549.0,52047534772.0,12072121971.0,731447223925.0,783494758697,138154620099.0,145577267360.0,499762871238,BKDP,2017
587660922874.0,1087484684399.0,151124800000.0,4596876388019.0,213102483130.0,10380164732814.0,14977041120833,2954287128281.0,2080199360438.0,9942554632114,BKSL,2017
,,,,151526.0,,24635233,,,3990250,BKSW,2017
4578586.0,1678618.0,0.0,10349688.0,30078905.0,68751512.0,79101200,14443414.0,35100747.0,29557039,BLTA,2017
296823659.0,101684442.0,,432650026.0,1185228367.0,1312843569.0,1745493595,384304784.0,237814599.0,1123374212,BLTZ,2017
,,,,444086784.0,,6054845282,,,1162157388,BMAS,2017
,,,,36618753.0,,1124700847,,,170006132,BMRI,2017
12966997789.0,248799416921.0,,445484690910.0,25737855114.0,59627042914.0,505111733824,323689803205.0,38077484395.0,143344446224,BMSR,2017
767389.0,3165509.0,84609.0,9385823.0,11386096.0,18308911.0,27694734,4294191.0,9274184.0,14126359,BMTR,2017
,,,,733895775195.0,,7014677335611,,,1362829434621,BNBA,2017
124348.0,441928.0,14439.0,2606511.0,2535648.0,3998374.0,6604885,11694680.0,906175.0,-5995970,BNBR,2017
,,,,5119908.0,,266305445,,,36950996,BNGA,2017
,,,,2631348.0,,173253491,,,20775040,BNII,2017
,,,,2460534.0,,148328370,,,21510742,BNLI,2017
15519355917.0,18786783366.0,,180511696645.0,239363772682.0,339729636939.0,520241333584,94440724056.0,20018230364.0,405782379164,BOGA,2017
37655428227.0,157304897045.0,5754505693.0,,612269752830.0,,1188798795362,,,720676693568,BOLT,2017
26891688.0,57683070.0,,344623587.0,270647787.0,644456430.0,989080017,882847681.0,822225764.0,-715993428,BORN,2017
33091688705.0,,,,91006171856.0,,1571343072860,,,621744710369,BPFI,2017
49977891293.0,32037425000.0,,,2895377548.0,,665242161633,,,520825673153,BPII,2017
3280981.0,38070956.0,3210411.0,,170094794.0,,304483626,,,217069354,BRAM,2017
,,,,177935.0,,31543384,,,2602841,BRIS,2017
5247380.0,,,399350814.0,19771195.0,467270034.0,866620848,191997801.0,110310053.0,564312994,BRMS,2017
67552749.0,285447457.0,25764300.0,718757530.0,1126409541.0,1246119552.0,1964877082,654032840.0,457814805.0,853029437,BRNA,2017
880973.0,206041.0,,1504057.0,1705253.0,2138871.0,3642928,873123.0,752906.0,2016899,BRPT,2017
5793029077323.0,465114282787.0,24501431664.0,17964523956819.0,771936999821.0,27986664518338.0,45951188475157,7568816957723.0,9185520428210.0,29196851089224,BSDE,2017
,,,,967826.0,,30404078,,,4844184,BSIM,2017
18535847.0,25051914.0,25772355.0,78872989.0,63833889.0,131264465.0,210137454,54430580.0,5816199.0,149890675,BSSR,2017
,,,,126258728839.0,,4487328861973,,,1121236095737,BSWD,2017
19930413290.0,386568782604.0,,1105184126790.0,3037773442343.0,4200870985599.0,5306055112389,1096688884572.0,2221746818789.0,1987619409028,BTEK,2017
350.0,2253.0,,5266.0,2471.0,712756.0,718022,8933611.0,5939835.0,-14155424,BTEL,2017
116069453677.0,11126739229.0,0.0,138161399969.0,11007927237.0,45340250473.0,183501650442,25235541036.0,3627177081.0,154638932325,BTON,2017
,,,,1660120.0,,95489850,,,17200797,BTPN,2017
66430.0,109160.0,338999.0,1027489.0,1863833.0,1911967.0,2939456,1019986.0,724770.0,1194700,BUDI,2017
256906850.0,364051826.0,3400328.0,1744873618.0,968043584.0,1762424227.0,3507297845,1634572696.0,315287297.0,1557437852,BUKK,2017
5814531.0,12351518.0,,58574746.0,230061998.0,252487185.0,311061931,58311547.0,94738984.0,158011400,BULL,2017
41417796.0,170397380.0,,758085929.0,51209742.0,2938412695.0,3696498624,1332214956.0,2077932666.0,286351002,BUMI,2017
28005654794.0,79002679160.0,278369991.0,523717097404.0,1083235623627.0,2760616270135.0,3284333367539,1085707448074.0,489210859571.0,1709415059894,BUVA,2017
,,,,528001117.0,,28825608648,,,2846345796,BVIC,2017
85112.0,48272.0,,1139336.0,3849725.0,14851812.0,15991148,2652447.0,7276008.0,6062693,BWPT,2017
58668007.0,86015924.0,3078247.0,309947294.0,259468439.0,578865846.0,888813140,302639425.0,70569896.0,515603819,BYAN,2017
520113109132.0,170149750757.0,,864515740386.0,219597825148.0,346668782273.0,1211184522659,54639027443.0,318633914000.0,837911581216,CAMP,2017
59412.0,6076535.0,4520073.0,13722516.0,43895628.0,44016291.0,57738807,64456682.0,816199.0,-7534074,CANI,2017
292036412464.0,485742376970.0,110459034449.0,6886276542326.0,815016169451.0,1330652141600.0,8216928683926,3121699289970.0,3397348450784.0,1697880943172,CARS,2017
,,,,10289014542.0,,7002875334521,,,1492988381718,CASA,2017
136190720.0,305809268.0,918957.0,834129958.0,690329213.0,1072904872.0,1907034830,626321050.0,481882247.0,798831533,CASS,2017
12814873232.0,224844132712.0,65062484489.0,988479957549.0,212312805803.0,404156486952.0,1392636444501,444383077820.0,45209179614.0,903044187067,CEKA,2017
367819.0,208895.0,,765449.0,2294741.0,3729386.0,4494835,737171.0,789549.0,2968115,CENT,2017
4005986.0,,,,139394599.0,,9890847326,,,4029530819,CFIN,2017
73754361818.0,37802302981.0,0.0,210584866561.0,234751563051.0,265992975044.0,476577841605,66014779104.0,28289302555.0,382273759946,CINT,2017
27786301821.0,115094554716.0,119914134698.0,770160984827.0,437750434530.0,1908089727841.0,2678250712668,1417754496899.0,346001324102.0,914494891667,CITA,2017
109731296.0,0.0,,569197623053.0,51458152.0,261464251.0,569459087304,12075306999.0,3038097709.0,554345682596,CKRA,2017
3059185742.0,13468752788.0,51239671370.0,144179181317.0,408954285257.0,516738594005.0,660917775322,116843320205.0,246104926954.0,297969528163,CLEO,2017
103510048915.0,196935190253.0,2781702000.0,434711256661.0,127351551594.0,152987758980.0,587699015641,139118916055.0,9621947461.0,438958152125,CLPI,2017
2829143844280.0,81804969200.0,0.0,3929272651503.0,174102027220.0,6807635406281.0,10736908057784,1448576774143.0,3699694420092.0,5588636863549,CMNP,2017
248423113666.0,22985357253.0,167125046173.0,567327411955.0,2068830054818.0,2523806545802.0,3091133957757,2174246385693.0,879812709384.0,37074862680,CMPP,2017
125237323.0,762079957.0,,1923689340.0,501898057.0,1781402138.0,3705091478,2404999645.0,880230706.0,419861127,CNKO,2017
617740.0,5135750.0,1476354.0,18297785.0,29088266.0,29834232.0,48132017,32808570.0,15613838.0,-290391,CNTX,2017
28855932186.0,115331236951.0,,742059936186.0,382439592672.0,2836706228481.0,3578766164667,864080034360.0,1586829701146.0,1127856429161,COWL,2017
1793454.0,2239906.0,119772.0,11720730.0,11009361.0,12801863.0,24522593,5059552.0,3760216.0,15702825,CPIN,2017
542733.0,748145.0,15651.0,2311175.0,4287247.0,4695500.0,7006675,8254627.0,532504.0,-1780456,CPRO,2017
90495048.0,1417301916.0,6476998.0,3662499520.0,1201198151.0,1475759765.0,5138259285,3159792330.0,453189976.0,1525276979,CSAP,2017
5225680794.0,8192440972.0,18607915346.0,82260931015.0,13202102662.0,252632264342.0,334893195357,108611159568.0,2018560125.0,224263475664,CSIS,2017
43312775.0,3673374.0,2868080.0,82859435.0,48747503.0,66591517.0,149450952,33583628.0,10567585.0,105299739,CTBN,2017
3228549.0,957748.0,,15167178.0,3137453.0,16538985.0,31706163,7782985.0,8472413.0,15450765,CTRA,2017
3575771239.0,123783342591.0,,417419813576.0,217172036990.0,282831951288.0,700251764864,220836288637.0,158003006208.0,321412470019,CTTH,2017
50730897.0,152995255.0,6873680.0,357528621.0,3919128958.0,6003316988.0,6360845609,666459963.0,2134918222.0,3559467424,DART,2017
70639350.0,15923903.0,,189712241.0,53569617.0,85996315.0,275708556,121112835.0,33767641.0,120828080,DAYA,2017
3630150.0,,,,97659750.0,,83804282099,,,82660117820,DEFI,2017
10672333.0,16552476.0,26056299.0,117660431.0,172109746.0,284139719.0,401800150,140872328.0,33375288.0,227552534,DEWA,2017
174171714491.0,231272429637.0,,969613539206.0,190089084619.0,851185265118.0,1820798804324,898961831225.0,135439295465.0,786397677634,DGIK,2017
749509978850.0,171863000569.0,,3606927662938.0,228689596062.0,9490257321473.0,13097184984411,4103191556657.0,2683443100508.0,6310550327246,DILD,2017
20393795335.0,41485905028.0,,495209951135.0,1344998082105.0,1772345875834.0,2267555826969,618715726891.0,479402858334.0,1169437241744,DKFT,2017
845324146.0,145972031.0,57584.0,1206576189.0,89978944.0,134266576.0,1340842765,139684908.0,56512464.0,1144645393,DLTA,2017
785379220213.0,40730778000.0,9086981399.0,3535827633604.0,319501561830.0,3935113923715.0,7470941557319,437801866027.0,27301888317.0,7005837802975,DMAS,2017
,,,,107467951613.0,,2535110634198,,,458087599568,DNAR,2017
1037998913925.0,48983091284.0,1661304627.0,2099842486803.0,521315676002.0,8800102396373.0,10899944883176,338416277625.0,2090694561922.0,8470834043629,DNET,2017
67502601.0,174777002.0,,352913341.0,484369495.0,592668071.0,945581412,218393751.0,550019685.0,177167976,DOID,2017
88478807279.0,15854405910.0,,181198774207.0,11011716195.0,127292399753.0,308491173960,18832789797.0,21822996796.0,267835387367,DPNS,2017
117638533565.0,314185738486.0,,1009277949563.0,967008843588.0,1070198418432.0,2079476367995,562566242319.0,120738211414.0,1396171914262,DPUM,2017
18022236508.0,75059849213.0,1157735904.0,214552103599.0,148865752032.0,150846066506.0,365398170105,152205007314.0,52007950259.0,161185212532,DSFI,2017
381055.0,314467.0,10873.0,1739837.0,2050834.0,6596228.0,8336065,1724895.0,3361431.0,3249739,DSNG,2017
258058106.0,89224075.0,47076913.0,685557779.0,438078851.0,2051434869.0,2736992648,412999990.0,869671902.0,1454320756,DSSA,2017
1598097714883.0,32308972856.0,17992266061.0,4449119467288.0,352197975439.0,6126562218997.0,10575681686285,1172699957282.0,1068120041552.0,8334861687451,DUTI,2017
450881672.0,448003830.0,30935697.0,1175655601.0,395989095.0,465230546.0,1640886147,441622865.0,82963213.0,1116300069,DVLA,2017
69879626.0,116200937.0,,623472263.0,45763529.0,469866350.0,1093338613,696712311.0,404827613.0,-8201311,DWGL,2017
107403156431.0,141238158726.0,4980670530.0,,945271959489.0,,1452680785154,,,791312140554,DYAN,2017
517294780598.0,30843065001.0,,1302968100469.0,565997810360.0,596962531723.0,1899930632192,141923244622.0,42742828186.0,1715264559384,ECII,2017
112224189675.0,91329537970.0,150119668.0,417271766887.0,364850961596.0,379495879285.0,796767646172,91524721725.0,42425198982.0,662817725465,EKAD,2017
902563.0,395378.0,863147.0,2379465.0,1569071.0,2475904.0,4855369,1757781.0,45668.0,3051920,ELSA,2017
68269003453.0,592859717978.0,184243428787.0,6244406517111.0,2922191118590.0,7838111025789.0,14082517542900,6550909054835.0,1368052928052.0,6163555560013,ELTY,2017
184744378109.0,162903133787.0,3054208297.0,1239289490850.0,32494541874.0,629334232956.0,1868623723806,410834297149.0,670858859499.0,786930567158,EMDE,2017
7140229605.0,1647376341.0,71891085.0,10497865274.0,2334416685.0,11711796854.0,22209662128,1861393468.0,2497795015.0,17850473645,EMTK,2017
107854258.0,30003962.0,,242212863.0,1713.0,514388893.0,756601756,514703890.0,297977800.0,-56079934,ENRG,2017
811493126579.0,2413690225891.0,106677600320.0,6119205791156.0,1195707318399.0,1306594466682.0,7425800257838,2184784157262.0,110246682604.0,5130769417972,EPMT,2017
366395661376.0,1570717316848.0,,6684618036307.0,485804663533.0,2189257456748.0,8873875493055,5048720022178.0,118500952147.0,3706654518730,ERAA,2017
1645054.0,7790126.0,,28014261.0,29566847.0,31244609.0,59258870,26955857.0,14426005.0,17877008,ERTX,2017
39815266.0,10587296.0,,86794097.0,159483466.0,734000213.0,820794310,128552669.0,480543558.0,211698083,ESSA,2017
785059.0,3586057.0,,25494309.0,30265220.0,36065239.0,61559548,27072234.0,19774451.0,14712863,ESTI,2017
616432772.0,18159747909.0,0.0,40266954272.0,286364350812.0,1074301617625.0,1114568571897,303431764583.0,932441600117.0,-121304792803,ETWA,2017
2455343.0,530808.0,34138.0,7180742.0,34933877.0,49140699.0,56321441,15226516.0,19464075.0,21630850,EXCL,2017
795508654.0,,,1256248188.0,441381501.0,1493174203.0,2749422391,664008702.0,791842877.0,1293570812,FAST,2017
287857774721.0,1315881239308.0,27921758274.0,2784006841253.0,6434772710208.0,6585884935522.0,9369891776775,3753070066277.0,2328504138109.0,3288317572389,FASW,2017
11582739575.0,,,,7191552569.0,,1128417788417,,,254244820766,FINN,2017
19019069860.0,35821667643.0,0.0,210136436553.0,116068310451.0,247286426101.0,457422862654,78581189669.0,154346191018.0,224495481967,FIRE,2017
40165948.0,73329562.0,298720.0,261532164.0,68932882.0,76848842.0,338381006,207391707.0,30003337.0,100985962,FISH,2017
2784.0,210.0,,284022.0,415.0,517457.0,801479,80119.0,39469.0,681891,FMII,2017
41992132837.0,83354236352.0,3122193195.0,156845037285.0,3359010816.0,22680513831.0,179525551116,104693972015.0,4371741515.0,70459837586,FORU,2017
3092.0,13259.0,8958.0,87720.0,95614.0,104137.0,191857,78404.0,17551.0,95902,FPNI,2017
441501149942.0,104982488691.0,739922320.0,2570255076703.0,15020324720364.0,21544244599705.0,24114499676408,6411201682752.0,8458428436278.0,9244869557378,FREN,2017
43561392367.0,43372561656.0,,544418432081.0,48955779196.0,858137791194.0,1402556223275,173511729486.0,130879970168.0,1098164523621,GAMA,2017
159461198670.0,65593139225.0,23305522517.0,452019244440.0,803665227329.0,834935476025.0,1286954720465,392632933617.0,49042374672.0,845279412176,GDST,2017
18953225.0,2833918.0,6002234.0,58017512.0,59021052.0,65748088.0,123765600,67407325.0,2780652.0,53577623,GDYR,2017
6242171576.0,101007129044.0,4807000.0,470112590206.0,220503464915.0,340991257253.0,811103847459,358580630112.0,46605544063.0,405917673284,GEMA,2017
175045058.0,68285446.0,30414911.0,414782753.0,55355314.0,175686631.0,590469384,246554242.0,51697031.0,292218111,GEMS,2017
2329179.0,2229097.0,,43764490.0,21408575.0,22995440.0,66759930,22611042.0,1961224.0,42187664,GGRM,2017
306918945.0,221511419.0,7738669.0,986741627.0,900657607.0,2776550466.0,3763292093,1921846147.0,903976746.0,937469200,GIAA,2017
696485.0,1657073.0,1112992.0,7168378.0,8900168.0,11022798.0,18191176,4397957.0,8103753.0,5689466,GJTL,2017
2588245611.0,415933667.0,898688205.0,32500867639.0,4259672661.0,28311222706.0,60812090345,247283351333.0,497560777542.0,-684032038530,GLOB,2017
83611326.0,48327281.0,45044990.0,402682325.0,123273326.0,136468557.0,539150882,135366467.0,97995840.0,305788575,GMFI,2017
12514215218.0,1600560456.0,,496232085534.0,2097606993.0,746482668410.0,1242714753944,415365986414.0,123511706833.0,703837060697,GMTD,2017
5682568917.0,2905356751.0,,46427131751.0,6600084336.0,135985737423.0,182412869174,71632995613.0,27460770700.0,83319102861,GOLD,2017
1002953294.0,3730143329.0,,58044412244.0,344453645980.0,2413153748986.0,2471198161230,456335199382.0,1077143162033.0,937719799815,GOLL,2017
54153060411.0,164987104171.0,,1251300687717.0,65183156420.0,248161340494.0,1499462028211,272405382675.0,193744973339.0,1033311672197,GPRA,2017
180127635.0,,,2855016515.0,104184333.0,1808758662.0,4663775177,3175421518.0,80058168.0,1408295491,GSMF,2017
175170598050.0,12914015914.0,,899462126460.0,191280335059.0,6301399256943.0,7200861383403,108794083687.0,415566902369.0,6676500397347,GWSA,2017
75047.0,1906.0,,209820.0,852342.0,3307766.0,3517586,260500.0,1719106.0,1537980,GZCO,2017
577490749.0,295254800.0,,60702772724.0,6144179019.0,13623686048.0,74326458772,1909306944.0,1585761217.0,70831390611,HADE,2017
19681060.0,,,,67035764.0,,3850636684,,,524755698,HDFA,2017
7212429.0,4009191.0,21289107.0,247829628.0,3638921738.0,3787256757.0,4035086385,1083630250.0,2617920946.0,333535189,HDTX,2017
226399.0,273970.0,4102.0,2544725.0,4308829.0,4818419.0,7363144,2001461.0,162940.0,5198743,HERO,2017
57862613.0,68778823.0,20311.0,238267222.0,33931351.0,45083290.0,283350512,123157890.0,9889254.0,150303368,HEXA,2017
18033158.0,5213818.0,1103079.0,29955647.0,125365540.0,145603118.0,175558765,30596213.0,103447136.0,41515416,HITS,2017
7501737.0,3375798.0,222124.0,34180353.0,6890750.0,8960710.0,43141063,6482969.0,2545109.0,34112985,HMSP,2017
36310612147.0,246775316541.0,3788361500.0,402492112857.0,169755333788.0,174471429722.0,576963542579,88130681014.0,12852349806.0,475980511759,HOKI,2017
969534996.0,34379056211.0,,36616982069.0,244742804568.0,245942894583.0,282559876652,35928483895.0,37546879719.0,209084513038,HOME,2017
6334198515.0,2153765313.0,,360715631866.0,649938436096.0,729637067760.0,1090352699626,290385239282.0,410704787596.0,389262672748,HOTL,2017
86872429679.0,661107472838.0,,1312626412274.0,95246386866.0,105820930056.0,1418447342330,347059973082.0,74871902443.0,996515466805,HRTA,2017
266353112.0,19833075.0,5746656.0,314799790.0,80501053.0,144643281.0,459443071,57754920.0,5827429.0,395860722,HRUM,2017
330281.0,2767037.0,,10949895.0,64022988.0,66805395.0,77755290,25125413.0,8525463.0,44104414,IATA,2017
31518298387.0,,,,2512229040.0,,2108617037867,,,127808411015,IBFN,2017
223593458420.0,384673898651.0,,1199164016997.0,4960109575421.0,5156106858083.0,6355270875080,846443381930.0,1191360343544.0,4317467149606,IBST,2017
8796690.0,1096176.0,2775076.0,16579331.0,8120254.0,15040183.0,31619514,6827588.0,4467596.0,20324330,ICBP,2017
15894823256.0,24473260163.0,,372264702242.0,9328705932.0,45356071881.0,417620774123,231263945152.0,12854085630.0,173502743341,ICON,2017
115320094180.0,158301434510.0,,981973554293.0,856458870919.0,863204498387.0,1845178052680,363167286099.0,270424592796.0,1211586173785,IDPR,2017
142747568453.0,138818678276.0,,396252892753.0,86389049329.0,116769698821.0,513022591574,60941267200.0,10134575231.0,441946749143,IGAR,2017
903878440.0,4424790000.0,,18602111558.0,98127980460.0,295322415035.0,313924526593,22704492271.0,2332074486.0,288887959836,IIKP,2017
225392.0,1286740.0,,8077769.0,125173141.0,221747413.0,229825182,239659851.0,95592387.0,-105427056,IKAI,2017
2460746.0,9213122.0,9595194.0,41223179.0,32050036.0,40183850.0,81407029,8897593.0,7306521.0,65202915,IKBI,2017
1302176442226.0,1725816888172.0,400864292938.0,13207228569571.0,4638599448700.0,18168082730283.0,31375311299854,15765338395006.0,6328720560136.0,9281252344712,IMAS,2017
359344248225.0,85638303473.0,72575388035.0,5336888167363.0,2701487249909.0,8675401242332.0,14012289409695,6512538173572.0,4993532041168.0,2506219194955,IMJS,2017
355043158662.0,198611184254.0,43596466151.0,1200668597438.0,742160252895.0,1094008896045.0,2294677493483,333004593743.0,672651930077.0,1289020969663,IMPC,2017
33384332417.0,417190117226.0,2254074053.0,860749259575.0,226998517718.0,353167285545.0,1213916545120,867251288494.0,69260585876.0,277404670750,INAI,2017
109671182737.0,28778538248.0,,350317114180.0,120751091460.0,229650730117.0,579967844297,419107925736.0,18247628370.0,142612290191,INCF,2017
48155991620.0,52195533674.0,16733070305.0,145540638781.0,135918981861.0,158247751549.0,303788390330,28527518002.0,6881047184.0,268379825144,INCI,2017
221699.0,,165577.0,597056.0,1493789.0,1587503.0,2184559,129300.0,235892.0,1819367,INCO,2017
13689998.0,3941053.0,1098680.0,32515399.0,29787303.0,55424089.0,87939488,21637763.0,19545001.0,46756724,INDF,2017
21623290.0,94989133.0,18371610.0,279538915.0,476228454.0,520569556.0,800108471,268358401.0,247444134.0,284305936,INDR,2017
280516388373.0,331613321002.0,18406957332.0,1044177985635.0,1238823067843.0,1390439352214.0,2434617337849,203724817070.0,86073602249.0,2144818918530,INDS,2017
28972998050.0,,,53202298965.0,54478459638.0,56721204638.0,109923503603,345263343.0,1160079593.0,108418160667,INDX,2017
622045354.0,321165102.0,17434148.0,1353786321.0,610613683.0,2281919082.0,3635705403,659498294.0,1861184789.0,1115022320,INDY,2017
620103.0,265879.0,603290.0,3145349.0,3835657.0,4488887.0,7634236,1502930.0,2913659.0,3217647,INKP,2017
,,,,2066083.0,,27727008,,,4507912,INPC,2017
440225565192.0,35635677080.0,,585012548372.0,1471525505819.0,6082908928272.0,6667921476644,799968546304.0,1633018664052.0,4234934266288,INPP,2017
886.0,,,41239.0,179944.0,296346.0,337585,27582.0,147187.0,162816,INRU,2017
135533.0,531690.0,,2186005.0,1126326.0,3018414.0,5204419,2896474.0,1841540.0,466405,INTA,2017
11862231958.0,11211655043.0,,42889578252.0,2967218680.0,6856749453.0,49746327705,2624381969.0,10892238622.0,36229707114,INTD,2017
8294891.0,2467081.0,17719.0,12883074.0,14979453.0,15980602.0,28863676,3479024.0,828145.0,24556507,INTP,2017
488588631.0,23249812.0,325624022.0,927845691.0,366543285.0,428502079.0,1356347770,352326409.0,0.0,1004021361,IPCM,2017
11554129.0,47349803.0,1828963.0,98032607.0,186860062.0,189760851.0,287793458,100644759.0,27704491.0,159444208,IPOL,2017
1674745.0,3503276.0,342667.0,9479271.0,35891716.0,41181769.0,50661040,16200457.0,19645049.0,14815534,ISAT,2017
170489.0,685243.0,30601.0,3431703.0,2199589.0,2837662.0,6269365,2279714.0,1148710.0,2840941,ISSP,2017
59246.0,,35981.0,540351.0,526.0,123452953.0,123993304,311761.0,0.0,123681543,ITMA,2017
374230.0,162500.0,13850.0,796996.0,222537.0,561667.0,1358663,327508.0,73016.0,958139,ITMG,2017
6789351300.0,12034881971.0,,195500834468.0,1034432840213.0,3116981157170.0,3312481991638,1274614033145.0,1197888515756.0,839979442737,JAWA,2017
61241170.0,369651364.0,131331510.0,1294457700.0,567615030.0,633527656.0,1927985356,1220226620.0,160397250.0,547361486,JECC,2017
17683436980.0,16294195868.0,10250875000.0,1494921030526.0,2144796309961.0,2432766802730.0,3927687833256,728227670714.0,913193130819.0,2286267031723,JGLE,2017
262022705.0,73822639.0,6260275.0,637147571.0,1034746982.0,6018228456.0,6655376027,769369255.0,937861537.0,4948145235,JIHD,2017
423583202.0,716649999.0,87345778.0,2413163524.0,732412188.0,1789351792.0,4202515316,1416455539.0,383047994.0,2403011783,JKON,2017
10365225614.0,307096480.0,70455759738.0,100362768229.0,44776691643.0,151931813763.0,252294581992,33751514236.0,664314762949.0,-445771695193,JKSW,2017
1642106.0,1443591.0,97012.0,11189325.0,8346029.0,9899545.0,21088870,4769640.0,6523602.0,9795628,JPFA,2017
724156963.0,79306503.0,1095760.0,3448797910.0,120194526.0,6023884778.0,9472682688,3093711769.0,402475386.0,5976495533,JRPT,2017
62448922827.0,23324367279.0,84564325808.0,337788749259.0,93797206125.0,94509550834.0,432298300093,314929281639.0,13223196427.0,104145822027,JSKY,2017
6873020928.0,,,18987065058.0,1035922309.0,60205707732.0,79192772790,24997940298.0,35835392971.0,18359439521,JSMR,2017
599916500.0,76731555.0,11509.0,1080732751.0,1198217162.0,3039356161.0,4120088912,640235286.0,694773173.0,2785080453,JSPT,2017
105344597137.0,139203308473.0,,454745421096.0,459867266199.0,560525623120.0,1015271044216,381719262877.0,47171650354.0,586380130985,JTPE,2017
989637043381.0,848656201775.0,81343855030.0,3662090215984.0,1687785385991.0,2434058756549.0,6096148972533,2369507448768.0,1154120768638.0,2572520755127,KAEF,2017
2107064.0,3574621.0,,5998669.0,18180415.0,19423564.0,25422233,59541767.0,20683.0,-34140217,KARW,2017
144308097763.0,704503847077.0,23873699608.0,1843100256808.0,1043801546776.0,1170660360177.0,3013760616985,933490170009.0,293524061693.0,1786746385283,KBLI,2017
126807432464.0,154425410221.0,71429010416.0,548840102130.0,682650826458.0,686358745338.0,1235198847468,434423462965.0,9346807304.0,791428577199,KBLM,2017
118899.0,79834.0,11575.0,885851.0,1977900.0,11203622.0,12089473,4683789.0,1733673.0,5672011,KBLV,2017
2038373753.0,58025845081.0,,107266392534.0,1062719145917.0,1063968218322.0,1171234610856,318104922819.0,560068240180.0,293061447857,KBRI,2017
91313495983.0,415080462642.0,,841180578033.0,440422767236.0,487111149583.0,1328291727616,709035285125.0,133716941390.0,485539501101,KDSI,2017
9384169874.0,2574622457.0,396614531803.0,527456425373.0,1225691073605.0,1240147080324.0,1767603505697,169750005433.0,171123203424.0,1426730296840,KIAS,2017
7494021855.0,13445767201.0,2546985478.0,90345642590.0,45101494586.0,59074367294.0,149420009884,12385069176.0,45536501712.0,91498438996,KICI,2017
895199081666.0,373830607590.0,,7677631812368.0,2369819209018.0,3588688499980.0,11266320312348,1067196855057.0,4298883218729.0,5900240238562,KIJA,2017
350224744236.0,820333562486.0,,1795404979854.0,1247283242755.0,1442190239420.0,3237595219274,1085566305465.0,96858033700.0,2055170880109,KINO,2017
39335780409.0,64344277078.0,10699088479.0,218813621823.0,4351353968.0,30797253382.0,249610875205,155814019595.0,10781488317.0,83015367293,KIOS,2017
18011061.0,5283094.0,7964.0,40211048.0,15134440.0,64842550.0,105053598,11357496.0,5076203.0,88619899,KKGI,2017
2784705831122.0,2851855047281.0,24562301353.0,10043950500578.0,5342659713054.0,6572288915757.0,16616239416335,2227336011715.0,494871621931.0,13894031782689,KLBF,2017
310283169313.0,291409521075.0,423257731902.0,2207392472857.0,815004538745.0,1349463036624.0,3556855509481,302411734607.0,1670168912192.0,1584274862682,KMTR,2017
5785563.0,29018233.0,2480117.0,65688513.0,13184341.0,23419428.0,89107941,46140137.0,13843287.0,29124517,KOBX,2017
25074387217.0,429432132599.0,8561709845.0,700601436035.0,19720427328.0,43187931973.0,743789368008,609522247224.0,22702678866.0,111564441918,KOIN,2017
16641026082.0,21801986472.0,,78926140655.0,21479320068.0,40387152219.0,119313292874,84300942980.0,17100823302.0,17911526592,KONI,2017
7714510283.0,11492056453.0,,74893954481.0,65286320494.0,84900737124.0,159794691605,18509531336.0,10325938659.0,130959221610,KOPI,2017
196355861623.0,24183466553.0,83821002225.0,3873001070849.0,3371710574987.0,11454155205894.0,15327156276743,563588908044.0,2399578021898.0,12363989346801,KPIG,2017
4732269965.0,60745424392.0,,469101177938.0,145926561215.0,176852036608.0,645953214546,463401644222.0,57148928180.0,125402642144,KRAH,2017
280870.0,147976.0,56714.0,1021697.0,2624457.0,3092689.0,4114386,1361905.0,899672.0,1852809,KRAS,2017
201453803317.0,372275497903.0,51934435153.0,1832031277091.0,20491973733.0,172181871999.0,2004213149090,600870892731.0,60235267584.0,1343106988775,KREN,2017
591924.0,2513451.0,,35076496.0,635771864.0,636437061.0,671513557,261349696.0,2788958.0,407374903,LAPD,2017
5117701959.0,44535457094.0,,56023359138.0,22219798319.0,39604204318.0,95627563456,9731281091.0,274440721.0,85621841644,LCKM,2017
9016695.0,5244560.0,37541.0,15096390.0,184388224.0,187783212.0,202879602,17041512.0,90955719.0,94882371,LEAD,2017
765948.0,278032.0,120895.0,1233624.0,4117430.0,4532602.0,5766226,1015729.0,226310.0,4524187,LINK,2017
153660008953.0,90480093427.0,18712025348.0,503156333673.0,97577993791.0,178781614063.0,681937947736,153806819548.0,75824040171.0,452307088017,LION,2017
5608958599.0,236926202097.0,1042445428.0,572240218362.0,262152976679.0,262308155924.0,834548374286,360471900688.0,97820145847.0,376256327751,LMPI,2017
30189160500.0,17642819503.0,,89570023525.0,55856775347.0,71593403315.0,161163426840,20918453456.0,10622970307.0,129622003077,LMSH,2017
578705.0,248008.0,,,99723.0,,12378227,,,7720736,LPCK,2017
24275265494.0,,,,45194558106.0,,2363109344956,,,1071538322010,LPGI,2017
2538160.0,2261631.0,799.0,44921927.0,3854458.0,11850189.0,56772116,8745186.0,18166636.0,29860294,LPKR,2017
22489.0,20492.0,6764.0,1050979.0,14728.0,598585.0,1649564,87890.0,225572.0,1336102,LPLI,2017
1582817.0,134276.0,,2973749.0,973698.0,2453677.0,5427426,2610824.0,488617.0,2327985,LPPF,2017
57143351755.0,,,,612065879.0,,1227574829158,,,1213491388444,LPPS,2017
17548223723.0,2971677440.0,2799348957.0,39276676941.0,202374879162.0,217801913777.0,257078590718,28184532860.0,17012547960.0,211881509898,LRNA,2017
1633460.0,37342.0,18328.0,2168414.0,3233981.0,7575967.0,9744381,416258.0,1205958.0,8122165,LSIP,2017
124949.0,1000444.0,332986.0,2577729.0,1952808.0,3191603.0,5769332,2638368.0,1259882.0,1871082,LTLS,2017
9702890836.0,106902573169.0,119455825200.0,1616315376394.0,575189710354.0,729764955077.0,2346080331471,788008593137.0,820822477500.0,737249260834,MABA,2017
175606503.0,361114944.0,79836705.0,1695042774.0,2038990401.0,2377202703.0,4072245477,1865529073.0,505563706.0,1701152698,MAIN,2017
6466554184.0,9946256811.0,,59874019395.0,463140835338.0,823936077226.0,883810096621,52618091858.0,183635952827.0,647556051936,MAMI,2017
368527.0,37739.0,39175.0,649377.0,669984.0,847481.0,1496858,456780.0,61292.0,978786,MAPB,2017
1286373.0,501512.0,176.0,6798522.0,3103306.0,4626868.0,11425390,4564695.0,2618281.0,4242414,MAPI,2017
5011360555.0,53937929370.0,16258870326.0,,6134632843.0,,317710200635,,,195254644619,MARI,2017
17942003268.0,57022227196.0,,133906065456.0,89201366653.0,93693509838.0,227599575294,54785566059.0,5970143551.0,166843865684,MARK,2017
12110769.0,53811183.0,,172415901.0,439790654.0,485192936.0,657608837,181521327.0,139093452.0,336994058,MASA,2017
,,,,1304141972.0,,74745570167,,,8543375216,MAYA,2017
70051255.0,12675005.0,3950180.0,108554552.0,32643958.0,52224410.0,160778962,34325524.0,4149097.0,122304341,MBAP,2017
34569362.0,12449396.0,1783119.0,52776581.0,186835533.0,187326859.0,240103440,8776640.0,43452940.0,187873860,MBSS,2017
5238550050.0,21130005397.0,366644280693.0,520384083342.0,151096093283.0,260285678445.0,780669761787,252247858307.0,115679280937.0,412742622543,MBTO,2017
117507273488.0,26027676847.0,24548639872.0,526465055648.0,6861196615.0,41931947036.0,568397002684,160669825919.0,17466820076.0,390260356689,MCAS,2017
,,,,781708.0,,15788738,,,2443795,MCOR,2017
62232073.0,504297608.0,,4434320177.0,289333666.0,714929631.0,5149249808,862421585.0,1632684658.0,2654143565,MDIA,2017
34672371.0,,,94058913.0,120600829.0,276812561.0,370871474,103662372.0,77697943.0,189511159,MDKA,2017
200515.0,14348.0,1155.0,294255.0,527615.0,573196.0,867451,66077.0,38911.0,762463,MDKI,2017
1075119346654.0,746887430550.0,0.0,3158284474516.0,1322677200220.0,11441384862835.0,14599669337351,2374364859671.0,5147846746438.0,7077457731242,MDLN,2017
11623856000.0,15276371732.0,,191254245292.0,429995643281.0,682323569456.0,873577814748,1261793799014.0,22374706444.0,-410590690710,MDRN,2017
488840578.0,196155960.0,,1975050108.0,67924100.0,3185735749.0,5160785857,1293641095.0,2464472714.0,1402672048,MEDC,2017
,,,,5495989688538.0,,82297009055759,,,13064615777204,MEGA,2017
59465257.0,209446183.0,1702597.0,569889512.0,177729098.0,277117032.0,847006544,184971088.0,46598015.0,615437441,MERK,2017
637198283701.0,99417395931.0,451923886.0,1262388295847.0,1677604415746.0,4057908338751.0,5320296634598,461885960072.0,2323188186517.0,2535222488009,META,2017
,,,,154549.0,,3215185,,,1933974,MFIN,2017
16681716698.0,11270616117.0,460947790.0,43743143538.0,199899529870.0,200979785158.0,244722928696,25932095443.0,18191150134.0,200599683119,MFMI,2017
2259341535.0,25668906983.0,,48343503453.0,102702751566.0,177684170392.0,226027673845,18368509173.0,154118236736.0,53540927936,MGNA,2017
120124871544.0,170442699745.0,578230808.0,470224803254.0,308308335780.0,392957639048.0,863182442302,213075407025.0,42724821926.0,607382213351,MICE,2017
229109.0,315813.0,4201.0,1970840.0,1625214.0,2907275.0,4878115,2732215.0,1223030.0,922870,MIDI,2017
743130559997.0,218636734081.0,2885012782.0,2449405299014.0,1657140174246.0,2262634182511.0,4712039481525,311709573423.0,369815043242.0,4030514864860,MIKA,2017
24636233791.0,225275596.0,,31569661216.0,27176549440.0,94531545718.0,126101206934,2438928089.0,514548597.0,123147730248,MINA,2017
4102432712.0,46728188390.0,10441400.0,151236800452.0,170337440409.0,222335751693.0,373572552145,62404445219.0,82628162518.0,228539944408,MIRA,2017
21138919094.0,17143154771.0,,157296460281.0,976791632.0,76430065902.0,233726526183,126344141646.0,24406900591.0,82975483946,MITI,2017
61983796590.0,189701451901.0,56293789030.0,863412945202.0,20231033638.0,104715323053.0,968128268255,665248549440.0,21294117074.0,281585601741,MKNT,2017
1875256139295.0,106960495562.0,,2106111311420.0,3105972746485.0,4721935203423.0,6828046514843,1324939909545.0,951498927217.0,4551607678081,MKPI,2017
223054.0,560248.0,12149.0,1076845.0,1364086.0,1433233.0,2510078,1304114.0,141059.0,1064905,MLBI,2017
3197507.0,278458.0,207886.0,8109855.0,3199960.0,11914040.0,20023895,6598098.0,5889907.0,7535890,MLPL,2017
664951799.0,70314208.0,175013280.0,1226863505.0,494562458.0,643852501.0,1870716006,844825601.0,148348781.0,877541624,MLPT,2017
201516169.0,8367051.0,143852.0,390679024.0,12326724.0,4972990375.0,5363669399,294513141.0,398966629.0,4670189629,MMLP,2017
468985.0,2791507.0,89425.0,6718435.0,5306989.0,8338856.0,15057291,1459288.0,3796920.0,9801083,MNCN,2017
1241107.0,895168.0,,3177639.0,3390300.0,6562937.0,9740576,2161452.0,2954079.0,4625045,MPMX,2017
373008.0,33700.0,34329.0,2485833.0,1486219.0,2941226.0,5427059,3876194.0,376694.0,1174171,MPPA,2017
22853543946.0,211442312219.0,,384262906538.0,62835680941.0,113091512551.0,497354419089,106813922324.0,23809082761.0,366731414004,MRAT,2017
11324752182.0,,,,56236061292.0,,2879988599056,,,1356933665378,MREI,2017
39535.0,320327.0,9991.0,700375.0,3782705.0,4247013.0,4947388,1121544.0,1623054.0,2202790,MSKY,2017
521731.0,1739119.0,9694.0,3697416.0,203781.0,573711.0,4271127,1851160.0,218249.0,2201718,MTDL,2017
4101529373.0,101873996328.0,,,15704977956.0,,771042697125,,,-1922714907,MTFN,2017
462939490.0,310364953.0,,2545035951.0,372557658.0,2328794225.0,4873830176,1010549008.0,863928922.0,2999352246,MTLA,2017
8804072031.0,63684204546.0,,194664792188.0,64642249469.0,66970543943.0,261635336131,110188982443.0,17732051894.0,133714301794,MTRA,2017
10798830071.0,721252799.0,,23704510713.0,27203048556.0,56530272783.0,80234783496,4153496217.0,6590322149.0,69490965130,MTSM,2017
4404135572.0,,,,11937265448.0,,299619149119,,,133833728557,MTWI,2017
20897494.0,2099733.0,15401317.0,85963275.0,44258697.0,50104700.0,136067975,30214626.0,3312006.0,102541343,MYOH,2017
2201859470155.0,971383336411.0,4772738482114.0,10674199571313.0,3988757428380.0,4241650228938.0,14915849800251,4473628322956.0,3087875111223.0,7354346366072,MYOR,2017
681278527162.0,690951902.0,,1478356685284.0,4374817311.0,8529812608366.0,10008169293650,2582177758524.0,463829503948.0,6962162031178,MYRX,2017
17551.0,149190.0,81916.0,764428.0,2369969.0,2694309.0,3458737,1643507.0,1466145.0,349085,MYTX,2017
,,,,22214.0,,2494412,,,229250,NAGA,2017
3307569786.0,409370242.0,,265029547395.0,184718637531.0,1035229428020.0,1300258975415,69150734207.0,152241257457.0,1078866983751,NASA,2017
42144745951.0,27538368655.0,751899461.0,111105582339.0,300461285719.0,305180999621.0,416286581960,18400443369.0,12808975797.0,385077162794,NELY,2017
14502848.0,49639230.0,,94640013.0,25517665.0,31482828.0,126122841,80018386.0,4457658.0,41646797,NIKL,2017
10404511.0,343155072.0,,928203723.0,685961944.0,972148199.0,1900351922,791213296.0,229626056.0,879512570,NIPS,2017
1466105083537.0,50293751731.0,,1906209455604.0,224897744357.0,2986024260726.0,4892233716330,269978687416.0,966521117697.0,3655733911217,NIRO,2017
,,,,2446459.0,,153773957,,,21784354,NISP,2017
,,,,61270.0,,11018481,,,1391946,NOBU,2017
656857297887.0,271549913673.0,2780236500.0,1973798989799.0,96908240791.0,368367854021.0,2342166843820,1013940915004.0,125369133737.0,1202856795079,NRCA,2017
19460245205.0,26272231844.0,,54037585889.0,903731707.0,903731707.0,54941317596,5903381746.0,195295000.0,48842640850,OASA,2017
13598492736.0,247216218.0,,68870174506.0,1305827772.0,2298845632.0,71169020138,23171481158.0,188965189762.0,-140967650782,OCAP,2017
5302482.0,21152396.0,,51050433.0,103720843.0,136657088.0,187707521,124723183.0,42907550.0,20076788,OKAS,2017
41160903690.0,4935524756.0,,212689433405.0,94353496265.0,4030245266226.0,4242934699631,121138360150.0,107759817024.0,4014036522457,OMRE,2017
31223978665.0,,,,26763693468.0,,507913387670,,,485154451303,PADI,2017
117908238.0,2359866.0,,176516381.0,2626749237.0,2672577699.0,2849094080,324526289.0,984258273.0,1540309518,PALM,2017
449981578.0,373970899.0,1088048.0,1248544331.0,1037311564.0,1401034199.0,2649578530,809457358.0,632235094.0,1207886078,PANR,2017
22445436144.0,,,,27576373429.0,,2630317826033,,,1295239600230,PANS,2017
318986039.0,244252737.0,28746995.0,1180832299.0,576585486.0,642852462.0,1823684761,445625975.0,58144361.0,1319914425,PBID,2017
204454940270.0,78476414763.0,,741983755533.0,68928365055.0,99415765849.0,841399521382,210275330013.0,11384059897.0,619740131472,PBSA,2017
65235570190.0,13167228718.0,,102516143530.0,13072248359.0,38291430496.0,140807574026,36483673038.0,8457608159.0,95866292829,PCAR,2017
10310712257.0,35958345054.0,1542677220.0,80574004944.0,276804491081.0,385152340204.0,465726345148,72166353752.0,184890087331.0,208669904065,PDES,2017
141200780524.0,,,,1070136708.0,,379830061812,,,248544592167,PEGE,2017
1026328911.0,195108274.0,144552889.0,1808047993.0,3378105433.0,4485080998.0,6293128991,466661068.0,2639555044.0,3186912879,PGAS,2017
7846293114.0,578188280.0,,11778035904.0,26095973828.0,69153370437.0,80931406341,13730326712.0,8878959496.0,58322120133,PGLI,2017
12317289707.0,56006311690.0,112414549525.0,487491234444.0,123229054748.0,232747723301.0,720238957745,323802228719.0,116752978789.0,279683750237,PICO,2017
425416403789.0,100317915837.0,,687623851400.0,1729307714017.0,3060645948920.0,3748269800320,659103623673.0,1098728439377.0,1990437737270,PJAA,2017
816135.0,7168354.0,,41985982.0,40975208.0,95377320.0,137363302,3066607.0,74973659.0,59323036,PKPK,2017
14263513739.0,2061868452.0,,177156204569.0,1737911496.0,182704056372.0,359860260941,162561889209.0,4539389181.0,192758982551,PLAS,2017
489658293.0,144980659.0,198059.0,961962801.0,786424768.0,3677475604.0,4639438405,824154197.0,2828371340.0,986912868,PLIN,2017
,,,,9688314.0,,213541797,,,36288733,PNBN,2017
,,,,95224581.0,,8629275047,,,274196365,PNBS,2017
4063744.0,,,,257490.0,,28895992,,,24373086,PNIN,2017
3473238.0,,,,169812.0,,26471320,,,21962933,PNLF,2017
75977418500.0,14182484330.0,,112636960298.0,361539358945.0,395224103824.0,507861064122,66165708792.0,152164958660.0,289530396670,PNSE,2017
6240585.0,39064158.0,,124065058.0,67634235.0,107501897.0,231566955,1111724364.0,63083563.0,-943240972,POLY,2017
74813781448.0,3531395180.0,,876457868395.0,7522764722.0,32700752665.0,909158621060,30925359584.0,2536904335.0,875696357141,POOL,2017
154620345.0,111936291.0,1989307.0,575688931.0,1003570165.0,1315657478.0,1891346409,272245538.0,667347936.0,951752935,PORT,2017
198041022.0,69944642.0,,307625539.0,928259354.0,1015808566.0,1323434105,76937347.0,606327785.0,640168973,POWR,2017
1132459133995.0,528467083229.0,606949499476.0,2661129385130.0,2206321174798.0,2464457919704.0,5125587304834,1408225004242.0,1277215090839.0,2440147209753,PPRE,2017
996491296843.0,4231062515090.0,8288392467.0,7106225520311.0,1940116421607.0,5453706801818.0,12559932322129,3395076140604.0,4164747640591.0,5000108540934,PPRO,2017
45258984717.0,66272222280.0,,622230971388.0,863440136518.0,920012749914.0,1542243721302,650095154148.0,215743263746.0,676405303408,PRAS,2017
788429.0,132807.0,,1163851.0,410272.0,684350.0,1848201,147117.0,337994.0,1363090,PRDA,2017
2509557531.0,44759803993.0,,58256515575.0,246315929902.0,247218771350.0,305475286925,50832799075.0,3611365792.0,251031122058,PRIM,2017
31624431.0,1449766.0,,129443461.0,291239486.0,791806482.0,921249943,169117181.0,402108398.0,350024364,PSAB,2017
49969776757.0,94365538924.0,,387041829491.0,269910638722.0,303938037558.0,690979867049,333943794875.0,57550750806.0,299485321368,PSDN,2017
9551012174.0,6255561476.0,,61849941033.0,413810301482.0,424133098057.0,485983039090,30881185647.0,22578574719.0,432523278724,PSKT,2017
14314453.0,9220061.0,,27877615.0,70984697.0,73931302.0,101808917,14785333.0,25851462.0,61172122,PSSI,2017
3555406.0,1594257.0,3749451.0,11117745.0,6199299.0,10869737.0,21987482,4513226.0,3674271.0,13799985,PTBA,2017
437955.0,1194596.0,0.0,3903943.0,34976224.0,36034130.0,39938073,7876891.0,15805493.0,16255689,PTIS,2017
9383493938938.0,9895625367493.0,6018866219345.0,29907849095888.0,5789644335276.0,11874931819223.0,41782780915111,20699814835735.0,6839855594779.0,14243110484597,PTPP,2017
57487.0,67167.0,7517.0,161084.0,263685.0,275760.0,436844,97387.0,160922.0,178535,PTRO,2017
1631685.0,8598982.0,,25613222.0,40411962.0,41590466.0,67203688,11837685.0,4835722.0,50530281,PTSN,2017
22763938.0,2189253.0,,99722689.0,184427173.0,206362430.0,306085119,111990277.0,46654168.0,147440674,PTSP,2017
32456214006.0,8865953946.0,,175428011948.0,169401927250.0,329415783622.0,504843795570,113026936519.0,57187885304.0,334628973747,PUDP,2017
3406223405.0,448497029.0,,8427605641.0,1681938098.0,14931112095.0,23358717736,4913178190.0,5654049521.0,12791490025,PWON,2017
379645888.0,37327885021.0,,78364312306.0,75929987318.0,81199618735.0,159563931041,22245115479.0,28462814851.0,108856000711,PYFA,2017
12851169.0,19023699.0,337299.0,49495867.0,61014254.0,101001920.0,150497787,21667676.0,8602054.0,120228057,RAJA,2017
751901.0,10046.0,,3093496.0,1235256.0,1798426.0,4891922,1048640.0,348937.0,3494345,RALS,2017
166739021798.0,42195993927.0,,483421701709.0,232973099106.0,320598623152.0,804020324861,302213795172.0,41203822304.0,460602707385,RANC,2017
9836539837.0,34074792102.0,,101609634121.0,1256071966.0,117151568129.0,218761202250,39964237762.0,2649995083.0,176146969405,RBMS,2017
496200829379.0,9814323378.0,,551269481158.0,15742246563.0,1729192236831.0,2280461717989,119405075125.0,106094876403.0,2054961766461,RDTX,2017
77252208696.0,225320584268.0,69469334102.0,1037820994280.0,323156365786.0,336623794002.0,1374444788282,873224844013.0,70954572573.0,430265371696,RICY,2017
2831469.0,7357494.0,717187.0,14329603.0,63959203.0,65773390.0,80102993,27529497.0,889422.0,51684074,RIGS,2017
334725907983.0,15859342235.0,,1394314920237.0,212473903043.0,4537180134865.0,5931495055102,570129532121.0,209700210471.0,5151665312510,RIMO,2017
161353.0,1342581.0,206696.0,9005061.0,4987984.0,5078537.0,14083598,4687842.0,472086.0,8923670,RMBA,2017
104574111369.0,26928731390.0,,2233623754561.0,10981238972.0,1314943798904.0,3548567553465,386940489024.0,426319040290.0,2735308024151,RODA,2017
1895069568040.0,164515198562.0,160402331673.0,2319937439019.0,1993663314016.0,2239636270392.0,4559573709411,1027176531240.0,712291462742.0,2820105715429,ROTI,2017
69890081340.0,290208240390.0,230079612.0,473183146618.0,406237951632.0,486164591132.0,959347737750,471048328188.0,108010543971.0,380288865591,RUIS,2017
679393079.0,,0.0,38974363181.0,6293528701.0,9275369792.0,48249732973,72544718357.0,15755913522.0,-40050898906,SAFE,2017
64341353038.0,110777098212.0,,203623160070.0,1503004686132.0,1511111606160.0,1714734766230,165073722961.0,507377083601.0,1042283959668,SAME,2017
230775606.0,23881489.0,2250329.0,534790432.0,449101183.0,5248473382.0,5783263814,593592487.0,878896905.0,4310774422,SCBD,2017
777824888541.0,315274291439.0,465376470121.0,2171012758933.0,1687349407527.0,1843231830773.0,4014244589706,1246236997513.0,39780108199.0,2728227483994,SCCO,2017
233516750.0,1450977684.0,79483493.0,2708606433.0,1029335550.0,2677201445.0,5385807878,743336338.0,237078280.0,4405393260,SCMA,2017
22097464.0,87268295.0,199380574.0,1098244680.0,244202833.0,255859676.0,1354104356,848450095.0,148504151.0,357150110,SCPI,2017
5244754144.0,55200800469.0,,85463939468.0,298507419992.0,299982236060.0,385446175528,79820531573.0,83048742473.0,222576901482,SDMU,2017
56461801574.0,347986317298.0,,841829323873.0,18197201146.0,96175932609.0,938005256482,699571400717.0,25819167000.0,212614688765,SDPC,2017
,,,,366474.0,,27086504,,,6106998,SDRA,2017
504481851.0,136111831.0,,1394054058.0,1948594873.0,6890645309.0,8284699367,1247463556.0,3032193077.0,4005042734,SGRO,2017
14471813184.0,24601626382.0,14067617189.0,280521722730.0,1131123810450.0,1238101444098.0,1518623166828,116403495481.0,455579454081.0,946640217266,SHID,2017
4203766.0,3928333.0,,15754970.0,164693169.0,164908431.0,180663401,39486926.0,70637230.0,70539245,SHIP,2017
902852.0,427248.0,74.0,1628901.0,1215176.0,1529297.0,3158198,208507.0,53826.0,2895865,SIDO,2017
930138.0,923367.0,799.0,2170793.0,2631178.0,5425475.0,7596268,872198.0,410556.0,6313514,SILO,2017
146285757.0,,,4547184467.0,6639521675.0,81655405939.0,86202590406,50989690489.0,6810607000.0,28402292917,SIMA,2017
2260606.0,502536.0,571323.0,6289818.0,10261425.0,27107948.0,33397766,6187987.0,9029000.0,18180779,SIMP,2017
248025.0,288240.0,446.0,1168670.0,915679.0,1071029.0,2239699,1072809.0,375578.0,791312,SIPD,2017
278614714467.0,189951187258.0,10560917832.0,836639597232.0,485558490029.0,786387877813.0,1623027475045,511596750506.0,88193264140.0,1023237460399,SKBM,2017
13137707479.0,116147932953.0,4148367464.0,267129479669.0,311810228981.0,369154730541.0,636284210210,211493160519.0,117221275463.0,307569774228,SKLT,2017
615915.0,1193868.0,2636863.0,11163493.0,11512960.0,15960608.0,27124101,8465263.0,7358859.0,11299979,SMAR,2017
486385530.0,395770160.0,11898285.0,1123602450.0,3844488329.0,3936734798.0,5060337248,668827967.0,978649421.0,3412859860,SMBR,2017
554511.0,1173613.0,34678.0,2927011.0,15999771.0,16699392.0,19626403,5384803.0,7044649.0,7196951,SMCB,2017
74630906266.0,18872989567.0,,876583776938.0,305916738367.0,2265096546465.0,3141680323403,529914043230.0,113893627627.0,2497872652546,SMDM,2017
73389597.0,95739685.0,11071603.0,213098529.0,338632548.0,375689124.0,588787653,188729175.0,94075398.0,305983080,SMDR,2017
3637760116.0,4031171228.0,854495086.0,13801818533.0,32523309598.0,35161684433.0,48963502966,8803577054.0,9720873610.0,30439052302,SMGR,2017
4351508.0,,,,2529925.0,,89086788,,,22946307,SMMA,2017
17429658292.0,1086867975.0,,25788635032.0,60503697960.0,699875279350.0,725663914382,120678159590.0,185625505097.0,419360249695,SMMT,2017
1482320678.0,454834664.0,190580858.0,9158268565.0,421578607.0,12504443426.0,21662711991,6275827667.0,7033142261.0,8353742063,SMRA,2017
3129349.0,14614366.0,,32674556.0,49304279.0,117220551.0,149895107,29519610.0,44777163.0,75598334,SMRU,2017
71000.0,707660.0,59509.0,1570110.0,683803.0,873231.0,2443341,419913.0,195244.0,1828184,SMSM,2017
3184645.0,7523867.0,3510000.0,60598354.0,507819179.0,526044758.0,586643112,75639439.0,196412520.0,314591153,SOCI,2017
386459132845.0,7136249970.0,,828525701589.0,205836726281.0,313025350648.0,1141551052237,372597904181.0,131955483107.0,636997664949,SONA,2017
120542708894.0,111596481909.0,114073668.0,750237084349.0,1393421919181.0,1425423770765.0,2175660855114,733771730418.0,269693789540.0,1172195335156,SPMA,2017
16553.0,117179.0,,145140.0,0.0,13570.0,158710,1851654.0,0.0,-1692944,SQMI,2017
246241795184.0,81103982935.0,,656197506273.0,1295256766338.0,1499748150148.0,2155945656421,477769152275.0,53299014353.0,1624877489793,SRAJ,2017
127232030.0,162481172.0,26177882.0,645050740.0,546707929.0,547850298.0,1192901038,175187960.0,575554249.0,442158829,SRIL,2017
7782872.0,95126907.0,394000.0,422532126.0,211756440.0,230194328.0,652726454,198217020.0,39003537.0,415505897,SRSN,2017
,,,,4957.0,,26629593,,,22287359,SRTG,2017
1145366973159.0,319909409154.0,6911885.0,5085335030413.0,1249898697158.0,3766101936988.0,8851436967401,2640028081531.0,1734574467664.0,4476834418206,SSIA,2017
2200759180.0,26985872.0,,4724577403.0,1937014303.0,4899095211.0,9623672614,1122416497.0,4448208677.0,4053047440,SSMS,2017
2383042772.0,15891336432.0,,311547858348.0,293194002959.0,294095442959.0,605643301307,182421582456.0,210756047128.0,212465671723,SSTM,2017
62011615340.0,37347034900.0,,321284372984.0,290509898711.0,293420665072.0,614705038056,115972411559.0,8450338945.0,490282287552,STAR,2017
69954867440.0,122580584762.0,247714130353.0,947986050367.0,1125768977479.0,1394446392829.0,2342432443196,358963437494.0,598696937342.0,1384772068360,STTP,2017
3076723.0,2200410.0,,28633520.0,40474481.0,53894077.0,82527597,29974970.0,51684826.0,867801,SULI,2017
280149.0,754948.0,,2038878.0,9404369.0,10571190.0,12610068,821160.0,7695498.0,4093410,SUPR,2017
37579943948.0,137601719759.0,,351255636607.0,557421928580.0,569985351910.0,921240988517,127673269661.0,27402887073.0,766164831783,TALF,2017
2796204.0,3212829.0,,14700387.0,93814755.0,94978488.0,109678875,8246564.0,46244972.0,55187339,TAMU,2017
122073513604.0,7886416320.0,,172653139464.0,1238868506.0,1061955740361.0,1234608879825,179483840833.0,1342961612.0,1053782077380,TARA,2017
8157958.0,293732904.0,,,1393197566.0,,2010013010,,,246512696,TAXI,2017
407444.0,266127.0,,1971501.0,19798733.0,23624284.0,25595785,1988122.0,20422583.0,3185080,TBIG,2017
125992.0,546494.0,1091369.0,5143894.0,6192524.0,8880592.0,14024486,4637979.0,5386561.0,3999946,TBLA,2017
9356331.0,54028390.0,32981178.0,133098705.0,10386302.0,31721965.0,164820670,127980652.0,322275.0,36517743,TBMS,2017
431573583550.0,19872254601.0,378597630625.0,1276478591542.0,964642806296.0,1085328597888.0,2361807189430,259806845843.0,243674007163.0,1858326336424,TCID,2017
872829.0,2795423.0,61384.0,8034490.0,135620.0,715307.0,8749797,2068709.0,3137712.0,3543376,TELE,2017
34094544.0,21227231.0,,106148204.0,214208792.0,225020222.0,331168426,31355898.0,5105490.0,294707038,TFCO,2017
61916535498.0,1276348099959.0,,2736455324822.0,104124558258.0,188507653056.0,2924962977878,1533875068654.0,313469986286.0,1077617922938,TGKA,2017
34239520472.0,20053722368.0,,86551299620.0,223864908467.0,303874943104.0,390426242724,22377022688.0,8071904954.0,359977315082,TGRA,2017
13580028.0,,,,10150263.0,,1631976839,,,323771910,TIFA,2017
1357490.0,1477845.0,,6996966.0,2462393.0,4879343.0,11876309,3402526.0,2412290.0,6061493,TINS,2017
10141322517.0,66096980845.0,43479692.0,179795295705.0,148859723275.0,161953975003.0,341749270708,133160969139.0,50231491983.0,158356809586,TIRA,2017
39066225257.0,53651218597.0,,589913892673.0,253719803577.0,269385163782.0,859299056455,513715444072.0,221761267659.0,123822344724,TIRT,2017
124834.0,99281.0,16160.0,705234.0,1099783.0,1875641.0,2580875,490398.0,1093737.0,996740,TKIM,2017
25145.0,7677.0,1545.0,47561.0,130171.0,150923.0,198484,45376.0,40978.0,112130,TLKM,2017
16769071483.0,213550625771.0,4473988969.0,414746140998.0,2342071193507.0,2503632073459.0,2918378214457,818827483787.0,1076606410352.0,1022944320318,TMAS,2017
3577063752.0,68079303132.0,100609682.0,219237280258.0,37171246614.0,922707489814.0,1141944770072,157778955142.0,18084639076.0,966081175854,TMPI,2017
57947205.0,11793134.0,,100351180.0,46554610.0,247986848.0,348338028,65777586.0,107761019.0,174799423,TOBA,2017
670721593.0,408849179.0,60560167.0,2513966565.0,230614810.0,729126909.0,3243093474,1994003155.0,238991311.0,1010099008,TOTL,2017
145136697539.0,42116977934.0,479171394626.0,1316631634008.0,806391112949.0,1509859181493.0,2826490815501,573582902438.0,559116316516.0,1693791596547,TOTO,2017
2348338.0,606867.0,17128.0,3049717.0,12600558.0,15713761.0,18763478,2230487.0,9431179.0,7101812,TOWR,2017
842536.0,189512.0,13812.0,1428986.0,1447665.0,1558318.0,2987304,587174.0,731308.0,1668822,TPIA,2017
3675992.0,9563354.0,,14202278.0,99054083.0,100819723.0,115022001,23958307.0,20863995.0,70199699,TPMA,2017
256316965.0,21106040.0,,302502382.0,223867990.0,533160369.0,835662751,128505169.0,314577103.0,392580479,TRAM,2017
9806165844.0,8602280510.0,0.0,93822546437.0,40175786418.0,40939627415.0,134762173852,482515135.0,6335659761.0,127943998956,TRIL,2017
399406622110.0,,,,15966294679.0,,3183416554678,,,696679565384,TRIM,2017
14997333981.0,12016947638.0,,174277930855.0,48984347751.0,91842009338.0,266119940193,670486781041.0,3163943966979.0,-3568310807827,TRIO,2017
32621683434.0,100679480586.0,1932057198.0,356846493425.0,126623972147.0,188121826562.0,544968319987,185606885071.0,3129848133.0,356231586783,TRIS,2017
35033389786.0,419495147376.0,10794670308.0,1189727024906.0,1992196958293.0,2143178911104.0,3332905936010,968421072104.0,388915366420.0,1975569497486,TRST,2017
23928521.0,,,,7948544462.0,,281801794640,,,248833569954,TRUS,2017
1973276106331.0,1113293220788.0,1424106209.0,5049363864387.0,1984179208981.0,2385536444634.0,7434900309021,2002621403597.0,350270496279.0,5082008409145,TSPC,2017
342757.0,575021.0,20289.0,2262432.0,2039469.0,3202466.0,5464898,1608008.0,719061.0,3137829,TURI,2017
2120400.0,504629.0,,3439990.0,1336398.0,1746950.0,5186940,820625.0,157560.0,4208755,ULTJ,2017
10937042.0,14393756.0,30274741.0,154870392.0,33724102.0,68876558.0,223746950,60458859.0,4876412.0,158411679,UNIC,2017
2730492864.0,27899868813.0,,132822954660.0,287690731442.0,293561668218.0,426384622878,179729679061.0,1396615511.0,245258328306,UNIT,2017
21925.0,101233.0,,1471147.0,6100891.0,12412845.0,13883992,11830333.0,2522103.0,-468444,UNSP,2017
20831489.0,13512552.0,156035.0,51202200.0,16374852.0,31059893.0,82262093,28376562.0,6347606.0,47537925,UNTR,2017
404784.0,4346917.0,368637.0,7941635.0,10422133.0,10964778.0,18906413,12532304.0,1200721.0,5173388,UNVR,2017
4033091295.0,15828307857.0,80558768.0,28425596223.0,531435551.0,1020533131.0,29446129354,24815776663.0,1278992156.0,3351360535,VICO,2017
2476004813.0,,,,1391799788.0,,253642764681,,,189901877562,VINS,2017
81350458.0,1106619487.0,6991141.0,3524633762.0,839769742.0,4207197177.0,7731830939,1572069242.0,3379450675.0,2780311022,VIVA,2017
154381240915.0,669604677427.0,44953920000.0,1667656034897.0,305671637987.0,442510461698.0,2110166496595,1260868218485.0,35175971717.0,814122306393,VOKS,2017
1514503.0,,,,31953881.0,,1750439904,,,464248133,VRNA,2017
1698735455837.0,666229791381.0,277387600652.0,4169736533163.0,63637121460.0,437991649650.0,4607728182813,2152114413618.0,731874604288.0,1723739164907,WEGE,2017
4829344712.0,7089324192.0,2227871598.0,22665390442.0,139027813962.0,277338084226.0,300003474668,53152285722.0,94446558217.0,152404630729,WEHA,2017
204441092202.0,74497404326.0,1176943900.0,361710159555.0,48570519238.0,49353712243.0,411063871798,82369918242.0,32061030648.0,296632922908,WICO,2017
58422055079.0,57168038260.0,,861172306233.0,312881022672.0,364539786808.0,1225712093041,160790695868.0,86830036062.0,978091361111,WIIM,2017
11253778215.0,1929510016.0,3000643116.0,34910108265.0,3932108696.0,10773666037.0,45683774302,25975617297.0,5076332392.0,14631824613,WIKA,2017
6106510.0,14225694.0,7920828.0,31796657.0,281740281.0,306723065.0,338519722,49043922.0,88131582.0,201344218,WINS,2017
684303.0,,,,66137.0,,7745732,,,989812,WOMF,2017
54484119698.0,165131299130.0,,1666396628130.0,1679940601050.0,2176605505211.0,3843002133341,1484590174142.0,445787853519.0,1912624105680,WOOD,2017
1028345582018.0,246754958926.0,6380369297908.0,11574944658940.0,3148700789918.0,3344604014815.0,14919548673755,7593431366806.0,9461216530.0,7316656090419,WSBP,2017
6088962586747.0,8851611356816.0,19091050421922.0,52427017359620.0,4742288130361.0,45468743479004.0,97895760838624,52309197858063.0,22831738171066.0,22754824809495,WSKT,2017
637755397032.0,380881547744.0,838596731678.0,4351377174399.0,2679459038772.0,2716598920644.0,7067976095043,4216314368711.0,103726392246.0,2747935334086,WTON,2017
1262433418.0,78193416745.0,2948477950.0,148857935337.0,145775746645.0,154684929196.0,303542864533,166371675360.0,10078148508.0,127093040665,YPAS,2017
11412153380.0,,,,263338325.0,,360518717905,,,353722955074,YULE,2017
420554684.0,864326321.0,0.0,1358592894.0,3677935024.0,4086897257.0,5445490151,11378076773.0,1588371467.0,-7520958089,ZBRA,2017
66370956710.0,3004827449.0,,222236280850.0,243161016894.0,489937687246.0,712173968096,201916771013.0,31446135807.0,478811061276,ZINC,2017
