cash_and_equivalents,account_receivables_third_party,account_receivables_related_party,total_current_assets,fixed_assets,total_non_current_assets,total_assets,total_current_liabilities,total_non_current_liabilities,total_equity,ticker_code
49082.0,295436.0,321188.0,4500628.0,10219013.0,22356339.0,26856967,3076530.0,4305915.0,19474522,AALI
36153782594.0,62755509296.0,6895187401.0,131054988546.0,34237885534.0,387290287543.0,518345276089,188098007408.0,130258818032.0,199988450649,ABBA
711046435.0,,,,96378948.0,,2890427512,,,1334408933,ABDA
144052684.0,106527452.0,17072536.0,325242490.0,401024694.0,526707306.0,851949796,222796309.0,381325050.0,247828437,ABMM
798522144576.0,26536323604.0,10106302455.0,4096280475383.0,443895142416.0,1224900380158.0,5321180855541,631055459387.0,454654350225.0,4235471045929,ACES
222654.0,260507.0,5449.0,,755129.0,,8936391,,,1426793,ACST
102273.0,131862.0,,364138.0,447249.0,517137.0,881275,262397.0,136964.0,481914,ADES
3263036627238.0,2303101805081.0,1051426340787.0,25429544167566.0,1573323727930.0,4689070602316.0,30118614769882,18964304189855.0,4869038683769.0,6285271896258,ADHI
249599.0,,,,245488.0,,31496441,,,7028199,ADMF
14090912.0,24226311.0,23529.0,124180421.0,147589985.0,156499433.0,280679854,26463482.0,10440410.0,243775962,ADMG
927896.0,367479.0,3415.0,1600294.0,1609701.0,5460461.0,7060755,816443.0,1941620.0,4302692,ADRO
284472.0,345266.0,83822.0,1585943.0,4835210.0,5061812.0,6647755,1297840.0,2202123.0,3147792,AGII
,,,,259140701.0,,23313671252,,,4424285816,AGRO
,,,,20031.0,,4151151,,,532803,AGRS
77344564946.0,,,,18984662006.0,,628464862379,,,263872169783,AHAP
3706467.0,,,17533206467.0,,,17533206467,2587500000.0,609909626.0,14335796841,AIMS
41825284.0,540095307.0,82286.0,1233718090.0,1675087492.0,1836692402.0,3070410492,1215369846.0,621206893.0,1233833753,AKPI
2171083536.0,4404350019.0,264014.0,11268597800.0,4921528198.0,8672252799.0,19940850599,8062727824.0,1951291436.0,9926831339,AKRA
50114289116.0,6964826538.0,30955516180.0,,22651171419.0,,275005973287,,,109805291234,AKSI
12089897847.0,191251667554.0,11888523701.0,373344346111.0,149708894516.0,152784969052.0,526129315163,231453796427.0,23085301266.0,271590217470,ALDO
88950095.0,478422117.0,,622859287.0,20228835.0,26109008.0,648968295,536128557.0,12108255.0,100731483,ALKA
71000352993.0,139974540861.0,43744399859.0,2115994105157.0,650747814729.0,665672268860.0,2781666374017,2144650311300.0,309815366787.0,327200695930,ALMI
3844646054.0,49803021344.0,36445006.0,188531394038.0,883204636248.0,921312128306.0,1109843522344,246962435572.0,475754409227.0,387126677545,ALTO
66521167.0,,,,161222128.0,,4280729979,,,1826304984,AMAG
296628.0,155039.0,244556.0,2208918.0,5940400.0,6223714.0,8432632,1738904.0,3097062.0,3596666,AMFG
5807838811.0,179267707944.0,,292588867203.0,109149417993.0,112133189751.0,404722056954,167420913753.0,30077411946.0,207223731255,AMIN
2070429.0,1966672.0,1972.0,12791052.0,5497240.0,9374916.0,22165968,11126956.0,5021454.0,6017558,AMRT
38432315226.0,5725037500.0,,105764381469.0,156495791829.0,434041068474.0,539805449943,143116971092.0,150571710816.0,246116768035,ANDI
29234164.0,9740872.0,,93472749.0,193309303.0,508732167.0,602204916,56069430.0,159746273.0,386389213,ANJT
4299068085.0,922789874.0,1105746.0,8498442636.0,20128155732.0,24807948171.0,33306390807,5511744144.0,8055415940.0,19739230723,ANTM
12774969.0,16657140.0,,73339888.0,437583074.0,441335610.0,514675498,422218404.0,242724685.0,-150267591,APEX
143099562532.0,619833255766.0,,2521774824521.0,184001251992.0,377923962975.0,2899698787496,705382807853.0,464809325886.0,1729506653757,APIC
9730309728.0,62220382267.0,1126732689.0,266336566823.0,174283415905.0,183966787977.0,450303354800,161275642980.0,13435085290.0,275592626530,APII
60972250077.0,66822259178.0,,201923603048.0,255455817507.0,301253896066.0,503177499114,201327226691.0,97665395766.0,204184876657,APLI
845979035.0,1435849108.0,,8275422732.0,4433790374.0,21308407172.0,29583829904,7838705276.0,9537571149.0,12207553479,APLN
85458951698.0,106482091494.0,43448878522.0,296159247575.0,583845661033.0,600043258828.0,896202506403,6819108508641.0,70340364200.0,-5993246366438,APOL
335559.0,2162879.0,240066.0,13514505.0,68526281.0,74809383.0,88323888,110798541.0,57599885.0,-80074538,ARGO
1550.0,10923.0,,53517.0,81364.0,296548.0,350065,228514.0,111565.0,9986,ARII
106164618448.0,83369980.0,,482408235045.0,2332120288.0,1031261431187.0,1513669666232,162388688404.0,158334330164.0,1192946647664,ARMY
192813271612.0,21962959354.0,480061330487.0,827587984112.0,795547807911.0,825318001618.0,1652905985730,476647908156.0,79661648470.0,1096596429104,ARNA
47412470946.0,6419352708.0,,73149118953.0,265730271470.0,358523685885.0,431672804838,9414766990.0,54497512512.0,367760525336,ARTA
,,,,65904049232.0,,664673471410,,,115559450886,ARTO
23975854.0,,,,123308301.0,,874472888,,,281361909,ASBI
15747368.0,,,,27724518.0,,1061398832,,,322963064,ASDM
273682.0,525814.0,141289.0,1764349.0,407595.0,506995.0,2271344,724854.0,62259.0,1484231,ASGR
25193.0,24176.0,1273.0,133609.0,57733.0,211102.0,344711,116467.0,53881.0,174363,ASII
11675712902.0,,,,86766152494.0,,478439333039,,,219625895775,ASJT
5853410707.0,,,,21609167523.0,,969866560976,,,519594297238,ASMI
459009210.0,202180292.0,9434982.0,1449848156.0,1329283319.0,19441077408.0,20890925564,2224534970.0,9115033486.0,9551357108,ASRI
47582389796.0,,,,59951428986.0,,1478007061719,,,405785338438,ASRM
227575695805.0,216361019529.0,81697800.0,536760828132.0,3411907698638.0,3525775304607.0,4062536132739,1150241108007.0,1773883093606.0,1138411931126,ASSA
601207824774.0,1225850186017.0,40337421292.0,3115072168841.0,533769489762.0,845906514806.0,3960978683647,2227303210086.0,851327901006.0,882347572555,ATIC
475225.0,,,54790180.0,726550855.0,830715929.0,885506109,217136762.0,397907100.0,270462247,ATPK
889615.0,1242764.0,687354.0,6013683.0,3498912.0,9875965.0,15889648,4066699.0,559314.0,11263635,AUTO
,,,,48137.0,,10854855,,,1429990,BABP
,,,,552926.0,,18019614,,,1484963,BACA
10311045741.0,156653691161.0,35842419220.0,692169207950.0,196210656527.0,209012588320.0,901181796270,811365493384.0,13294954273.0,76521348613,BAJA
18363043002.0,126043516643.0,,299165402551.0,2951938419996.0,3138487938710.0,3437653341261,516318541594.0,1227465633677.0,1693869165990,BALI
1278751135.0,0.0,0.0,111158452972.0,1277381264.0,61154984757.0,172313437729,42887324516.0,1535807977.0,127890305236,BAPA
4688596.0,29834451.0,2864543.0,569545551.0,240000026.0,307310674.0,876856225,194538478.0,45510388.0,636807359,BATA
331470159496.0,202405044161.0,,589070577504.0,54136417286.0,211848334966.0,800918912470,321512090248.0,31549312705.0,447857509517,BAYU
,,,,19336901.0,,824787944,,,151753427,BBCA
,,,,34368921423.0,,2264172563517,,,336482136901,BBHI
,,,,3075041.0,,95643923,,,8594286,BBKP
189751.0,,,,102764.0,,5019046,,,1177056,BBLD
,,,,470415776572.0,,12093079368934,,,3088013085461,BBMD
,,,,26126508.0,,808572011,,,110373789,BBNI
3610243.0,3148751.0,147.0,7318059.0,78329880.0,78375523.0,85693582,8851742.0,54126603.0,22715237,BBRM
,,,,5017694.0,,306436194,,,23840448,BBTN
,,,,83206069558.0,,4533729146622,,,600385324944,BBYB
1925704.0,,,,262714.0,,18762724,,,5747328,BCAP
,,,,194079.0,,17823669,,,1314903,BCIC
,,,,1902608.0,,186762189,,,41939821,BDMN
3073876726.0,96152809202.0,,207472483678.0,350590386821.0,357224543757.0,564697027435,181732710507.0,153277215149.0,229687101779,BEEF
,,,,77068.0,,9482130,,,693398,BEKS
45295623558.0,110450405380.0,5357742488.0,342554523490.0,161719483406.0,172407648283.0,514962171773,218191271919.0,36572810012.0,260198089842,BELL
1128567996205.0,47767903822.0,15997757360.0,2755020904347.0,180889635342.0,3535105647044.0,6290126551391,355040758137.0,1763091548663.0,4171994244591,BEST
755247.0,,,,530145.0,,19117305,,,6203796,BFIN
,,,,58743.0,,4497122,,,1126199,BGTG
2272911.0,3091785.0,45273.0,19035641.0,14211194.0,37386332.0,56421973,17171841.0,14753368.0,24496764,BHIT
122507646809.0,7637989841.0,,1860337087272.0,170131803263.0,473299698567.0,2333636785839,579451267667.0,1095470585204.0,658714932968,BIKA
5685080346.0,11240108092.0,,80207862904.0,11850236113.0,17982777935.0,98190640839,84043258686.0,94995026074.0,-80847643921,BIMA
,,,,18741.0,,3854174,,,1208052,BINA
8665292.0,4967281.0,,282388791.0,98622567.0,950571783.0,1232960574,483188439.0,367933190.0,381838945,BIPI
118645441424.0,6781479344.0,2018535000.0,853073361939.0,151719638798.0,1210173920963.0,2063247282902,537705678421.0,394312443455.0,1131229161026,BIPP
575900.0,193533.0,6274.0,1071773.0,5724503.0,5883384.0,6955157,614987.0,1075009.0,5265161,BIRD
94489.0,915384.0,12117.0,2168084.0,498764.0,596926.0,2765010,395388.0,59692.0,2309930,BISI
,,,,3271751.0,,120191387,,,11285315,BJBR
,,,,972057.0,,62689118,,,8471936,BJTM
4795303625.0,2851773528.0,369977149.0,51706653889.0,9575720550.0,711830786391.0,763537440280,156226946297.0,143922568233.0,463387925750,BKDP
250874910041.0,998298378749.0,151124800000.0,4547349270546.0,215846370468.0,11705382913661.0,16252732184207,3093284238071.0,2538322376922.0,10621125569214,BKSL
,,,,119656.0,,20486926,,,4672060,BKSW
3174557.0,2195704.0,0.0,7910239.0,25944717.0,63438294.0,71348533,12833718.0,29546979.0,28967836,BLTA
41647572.0,148741113.0,,,1341510315.0,,1762007688,,,1160437835,BLTZ
,,,,439337143.0,,6694023677,,,1200740595,BMAS
,,,,38442696.0,,1202252094,,,184960305,BMRI
13720644252.0,266281815527.0,,548523549658.0,24249385018.0,49369446566.0,597892996224,332509461535.0,117565348618.0,147818186071,BMSR
1023031.0,3056291.0,45274.0,9380777.0,12733856.0,19587385.0,28968162,6955570.0,7710130.0,14302462,BMTR
118877.0,796424.0,11837.0,10385139.0,2328449.0,3949969.0,14335108,10667572.0,988497.0,2679039,BNBR
,,,,5453282.0,,266781498,,,39580579,BNGA
,,,,2926594.0,,177532858,,,25090691,BNII
,,,,2552305.0,,152892866,,,22451936,BNLI
28908575307.0,32665293885.0,,171308933520.0,290715142153.0,400592501228.0,571901434748,129218836670.0,25000098919.0,417682499159,BOGA
13847752415.0,175998883921.0,5657236606.0,,620925458436.0,,1312376999120,,,738035474182,BOLT
43115884677.0,19397942994.0,,142441185180.0,218452237142.0,394426530557.0,536867715737,182305711934.0,163683729035.0,190878274768,BOSS
114412500150.0,,,,114992209390.0,,1827720514722,,,771425968507,BPFI
56390613301.0,,,,2919225267.0,,669322314577,,,600978283983,BPII
819071394.0,18226349524.0,1031772577.0,47317148338.0,500888586108.0,501561168793.0,548878317131,155864998470.0,186922401159.0,206090917502,BPTR
5761270.0,35203539.0,4988780.0,,161434765.0,,296400018,,,220361888,BRAM
,,,,221444.0,,37915084,,,5026640,BRIS
8205883.0,,,41598535.0,2646878.0,649159648.0,690758183,62020873.0,109787709.0,518949601,BRMS
101956453.0,280826720.0,21747528.0,811798388.0,1504942584.0,1649527795.0,2461326183,825079803.0,512974818.0,1123271562,BRNA
800572.0,249391.0,,2042975.0,2354458.0,4999516.0,7042491,1168410.0,3172039.0,2702042,BRPT
8139323593710.0,277393244346.0,15358231092.0,20948678473652.0,676536086022.0,31152813730900.0,52101492204552,6231233383026.0,15583360871276.0,30286897950250,BSDE
,,,,969184.0,,30748742,,,4856420,BSIM
17968352.0,36840465.0,15914234.0,90459139.0,61417640.0,154641063.0,245100202,74454433.0,20366432.0,150279337,BSSR
,,,,125754140019.0,,3896760492444,,,1130232448722,BSWD
2998324380.0,162007997625.00006,,1041085332081.0,3038508000902.0,4124151136625.0,5165236468706,483324264340.0,2421383534988.0,2260528669378,BTEK
310.0,953.0,,2908.0,724.0,710597.0,713505,10096465.0,6036283.0,-15419243,BTEL
149296593372.0,15194542194.0,0.0,176074193688.0,10034535847.0,41288766323.0,217362960011,30419618514.0,3788112567.0,183155228930,BTON
,,,,1786727.0,,101919301,,,19364407,BTPN
,,,,176801.0,,12039275,,,3996932,BTPS
53134.0,105719.0,521661.0,1472140.0,1871467.0,1920840.0,3392980,1467508.0,698988.0,1226484,BUDI
288907997.0,678132536.0,66879907.0,2184123679.0,1118029598.0,2230172729.0,4414296408,2296176799.0,150625980.0,1967493629,BUKK
3549116.0,18566193.0,,84539237.0,222998373.0,245438713.0,329977950,63838975.0,72321544.0,193817431,BULL
88528723.0,136117088.0,5167774.0,460903744.0,24216701.0,3445870195.0,3906773939,1158996222.0,2244165876.0,503611841,BUMI
20125518997.0,92540976825.0,884803261.0,388218978245.0,1530556358113.0,3718507942840.0,4106726921085,1094036856252.0,693317993326.0,2319372071507,BUVA
,,,,541283738.0,,30172315337,,,2806025405,BVIC
21498.0,150991.0,,1752789.0,3868242.0,14410478.0,16163267,2960039.0,7404437.0,5798791,BWPT
229184053.0,99847698.0,1975815.0,491460666.0,299319453.0,659403225.0,1150863891,397223062.0,75570495.0,678070334,BYAN
591424300.0,1520730130.0,48944141314.0,129352367121.0,187303320797.0,199538802795.0,328891169916,82281904302.0,25726663236.0,220882602378,CAKK
281133628265.0,193458573978.0,,664681699769.0,214497825924.0,339594114014.0,1004275813783,61322975128.0,57530240000.0,885422598655,CAMP
208019351455.0,460875927255.0,92445040165.0,7642202623927.0,948875785907.0,1506922027913.0,9149124651840,3544931756024.0,3712869345306.0,1891323550510,CARS
200513624.0,345446823.0,774747.0,928742774.0,712578123.0,1082140696.0,2010883470,744343032.0,430509261.0,836031177,CASS
1010163064.0,145708854828.0,144237416391.0,809166450672.0,200024117988.0,359789592034.0,1168956042706,158255592250.0,34052874614.0,976647575842,CEKA
455909.0,300412.0,,940154.0,2601811.0,4267188.0,5207342,778970.0,1389948.0,3038424,CENT
3420499.0,,,,174129915.0,,11077046941,,,4347125252,CFIN
38769273576.0,42307921259.0,38099000.0,219577845340.0,256898006885.0,271804189796.0,491382035136,81075913501.0,21627543807.0,388678577828,CINT
37342200054.0,116919692521.0,11200205762.0,638132615903.0,554690130117.0,2630435127619.0,3268567743522,1369124187467.0,399748120719.0,1499695435336,CITA
47144197324.0,121327006889.0,,502446393135.0,5700537523.0,422500321492.0,924946714627,66611419949.0,83506066920.0,774829227758,CITY
27533357337.0,6774011437.0,,37596929373.0,526615239985.0,570895075330.0,608492004703,55951362267.0,432494049976.0,120046592460,CLAY
2681860260.0,16177543745.0,73438446519.0,198544322066.0,550478901276.0,635389539528.0,833933861594,121061155519.0,77394236183.0,635478469892,CLEO
63602700504.0,296019672629.0,3594756000.0,532963702866.0,129698487972.0,175624582754.0,708588285620,247339069096.0,8104602407.0,453144614117,CLPI
3481236100567.0,137734928058.0,,5102306827118.0,182731637013.0,7996198759590.0,13098505586708,1702446236529.0,4558158771043.0,6837900579136,CMNP
140409140360.0,62763959834.0,,459842437838.0,1426357150398.0,2385202774515.0,2845045212353,2806387704648.0,840832867059.0,-802175359354,CMPP
94009257.0,837891728.0,,1873722676.0,408959351.0,829886066.0,2703608742,3020835004.0,500735960.0,-817962222,CNKO
567342.0,4029689.0,3769505.0,18968302.0,27980714.0,28524158.0,47492460,32552834.0,15287760.0,-348134,CNTX
260190289.0,40818469727.0,,89464521517.0,70980880027.0,73285218049.0,162749739566,101161992091.0,11371282045.0,50216465430,COCO
72790116400.0,91288032608.0,,820022909492.0,363296391370.0,2912989347968.0,3733012257460,1103403629709.0,1711327880242.0,918280747509,COWL
2803131.0,2771333.0,6317.0,14097959.0,11685261.0,13547159.0,27645118,4732868.0,3521076.0,19391174,CPIN
23770921588.0,472295486.0,414733151.0,38855776225.0,38095000000.0,119785678708.0,158641454933,22717635877.0,9289638333.0,126634180723,CPRI
115297.0,677765.0,14737.0,1959723.0,4206297.0,4612717.0,6572440,3192796.0,2705301.0,674343,CPRO
66648633.0,1353325157.0,4177213.0,4086694096.0,1377102852.0,1698593457.0,5785287553,3302706214.0,541927303.0,1940654036,CSAP
3659464614.0,2342750550.0,18680905458.0,79365518571.0,11874626582.0,325125905098.0,404491423669,184991825151.0,3859437681.0,215640160837,CSIS
15411921.0,14962451.0,6097592.0,90203603.0,46433344.0,65449714.0,155653317,49362169.0,7554895.0,98736253,CTBN
3243099.0,1212155.0,,16151959.0,3113950.0,18137058.0,34289017,7994843.0,9649898.0,16644276,CTRA
5297154262.0,139669950774.0,,451689004422.0,216174611463.0,284085887155.0,735774891577,242087352682.0,166073517902.0,327614020993,CTTH
107112135.0,117734127.0,8104588.0,320389809.0,3801946627.0,6584896585.0,6905286394,814186066.0,2515185313.0,3575915015,DART
73923173.0,23758304.0,,287204854.0,88047654.0,124656626.0,411861480,238168553.0,10290151.0,163402776,DAYA
18220810677.0,109706421015.0,,137349295295.0,30010928746.0,112817645451.0,250166940746,110328421284.0,15938503671.0,123900015791,DEAL
1805900.0,,,,176622047.0,,76749900494,,,75678442141,DEFI
6265488.0,15477493.0,32316463.0,108985511.0,168585624.0,306112921.0,415098432,137066835.0,47227461.0,230804136,DEWA
33537239740.0,13987701627.0,,128271886181.0,156556262557.0,207326670209.0,335598556390,70132510231.0,189202035485.0,76264010674,DFAM
157184454841.0,202201352106.0,,1106143697043.0,158804004719.0,621682336809.0,1727826033852,948292306449.0,115146341904.0,664387385499,DGIK
1020507480.0,7829829404.0,0.0,11967211829.0,11772194083.0,27904012916.0,39871224745,694117482.0,1355412205.0,37821695058,DIGI
1124187349860.0,487799264845.0,,4815971556575.0,236880836401.0,9399563634631.0,14215535191206,4767907514355.0,2931975105774.0,6515652571077,DILD
370398474417.0,17833404364.0,78701266127.0,836046426726.0,10927984144.0,19649943973.0,855696370699,132248571423.0,2594477085.0,720853322191,DIVA
14186356497.0,138216819544.0,,810246912624.0,1381010234539.0,1846218319766.0,2656465232390,992665913482.0,586975995010.0,1076823323898,DKFT
963342137.0,156825348.0,292777.0,1384227944.0,90191394.0,139289226.0,1523517170,192299843.0,47053513.0,1284163814,DLTA
744929332880.0,67081080000.0,15667209307.0,3567619991194.0,312802843100.0,3932413444178.0,7500033435372,279406145584.0,32123663260.0,7188503626528,DMAS
,,,,105197408149.0,,2534266276655,,,474060067219,DNAR
342283403987.0,92923837414.0,1271175109.0,4672723093101.0,835846415316.0,9855260631187.0,14527983724288,299071982140.0,5190077001804.0,9038834740344,DNET
66606898.0,221846972.0,,441719196.0,657789960.0,742375515.0,1184094711,278812380.0,643771322.0,261511009,DOID
56308078549.0,16721351470.0,,192296998181.0,10910763194.0,129888014080.0,322185012261,24857084132.0,19619329128.0,277708599001,DPNS
87235441950.0,373804048275.0,,1061651667283.0,1013295192173.0,1045338258103.0,2106989925386,624106266559.0,76630490408.0,1406253168419,DPUM
3293014447.0,65914511554.0,853539804.0,240160534902.0,163023644666.0,164837325344.0,404997860246,177077199876.0,45650055796.0,182270604574,DSFI
523895.0,388635.0,10493.0,2397920.0,2998657.0,9340972.0,11738892,2321028.0,5758902.0,3658962,DSNG
222608203.0,115028086.0,49057467.0,793587813.0,429909084.0,2593203070.0,3386790883,651017400.0,1222479637.0,1513293846,DSSA
709615309603.0,92330587190.0,,922029627934.0,59769966322.0,125648491171.0,1047678119105,274178694479.0,25063546856.0,748435877770,DUCK
2533281889883.0,27423361994.0,14043887742.0,5665261049077.0,317166296444.0,6977634689745.995,12642895738823,1571910026185.0,1656066914398.0,9414918798240,DUTI
306116733.0,550099354.0,16710786.0,1203372372.0,394751573.0,479449367.0,1682821739,416537366.0,66022510.0,1200261863,DVLA
81606491.0,344338166.0,6917786.0,1530839544.0,11497281.0,72791007.0,1603630551,1195241537.0,446492353.0,-38103339,DWGL
169591998589.0,145698274479.0,2192468926.0,,668004938529.0,,1229926003723,,,813293676909,DYAN
473141559720.0,17215131170.0,,1267234842147.0,595947250015.0,670946676314.0,1938181518461,150800434062.0,51884263504.0,1735496820895,ECII
113192178060.0,103475087830.0,767971462.0,465208782562.0,371559780027.0,388058671838.0,853267454400,91381683504.0,37303269649.0,724582501247,EKAD
719457.0,286007.0,1285836.0,3158507.0,1735854.0,2498820.0,5657327,2116898.0,240229.0,3300200,ELSA
59060202817.0,149199692593.0,2582894257.0,1469006184275.0,25454811279.0,627608075877.0,2096614260152,484290316125.0,807732391654.0,804591552373,EMDE
4624271256.0,1715553049.0,36693397.0,9818543808.0,2518586345.0,9706867876.0,19525411684,2273024715.0,1788053654.0,15464333315,EMTK
60799394.0,20755990.0,,160365220.0,275.0,571080435.0,731445655,477889886.0,167769216.0,85786553,ENRG
1262648169142.0,2764451244267.0,156319755782.0,6960395955329.0,1215546692942.0,1362565018901.0,8322960974230,2442855705213.0,92250390844.0,5787854878173,EPMT
272102741.0,1416187875.0,1053371.0,10053691913.0,553675716.0,2629210713.0,12682902626,7740591920.0,116692469.0,4825618237,ERAA
863429.0,8582865.0,,30149095.0,31300424.0,32436759.0,62585854,29906222.0,13664816.0,19014816,ERTX
105380563.0,20682028.0,,170166777.0,687631038.0,754356988.0,924523765,115050557.0,485748030.0,323725178,ESSA
180738.0,3933222.0,,29234391.0,29491841.0,32793329.0,62027720,32031501.0,13746594.0,16249625,ESTI
738833137.0,2318446695.0,,18460713565.0,283057337676.0,1072197865431.0,1090658578996,864335838685.0,485151671455.0,-258828931144,ETWA
1047115.0,430741.0,138499.0,7058652.0,36759530.0,50555302.0,57613954,15733294.0,23537562.0,18343098,EXCL
988009275.0,,,1361078180.0,487216596.0,1628615043.0,2989693223,714498002.0,734701578.0,1540493643,FAST
355227070733.0,1692261892171.0,179366175505.0,3530218883678.0,7263839935749.0,7434899825106.0,10965118708784,3010538868185.0,3666242543034.0,4288337297565,FASW
251446210669.0,29404556680.0,22698667925.0,330902727512.0,714851306573.0,1049923227525.0,1380825955037,35527012440.0,1399012000.0,1343899930597,FILM
9115772259.0,,,,6816338940.0,,964512624049,,,258330156365,FINN
42815241682.0,71005330389.0,0.0,283104026129.0,132195460814.0,290135096771.0,573239122900,241864951902.0,8136602539.0,323237568459,FIRE
107054468.0,65092971.0,616654.0,343051766.0,76808593.0,88488045.0,431539811,265278767.0,57462103.0,108798941,FISH
43374.0,113.0,,383812.0,237.0,557143.0,940955,118630.0,146832.0,675493,FMII
1494862411.0,25724349362.0,0.0,43059035473.0,76876401038.0,83638797930.0,126697833403,56426493405.0,15301428468.0,54969911530,FOOD
33148687953.0,53333583741.0,2250467731.0,108977024496.0,2134433056.0,13991878557.0,122968903053,57120520094.0,3135677000.0,62712705959,FORU
462050694.0,62029261612.0,,592211344589.0,551215044.0,115877989138.0,708089333727,55164377528.0,371469604132.0,281455352067,FORZ
2818.0,15457.0,6390.0,92279.0,85121.0,103547.0,195826,79199.0,14092.0,102535,FPNI
405702084176.0,71590529921.0,104968438.0,1987582883558.0,16747033996892.0,23226012193478.0,25213595077036,6113366615810.0,6652222637584.0,12448005823642,FREN
57239689509.0,6181230668.0,,516788857884.0,48018342961.0,855563361208.0,1372352219092,140479803689.0,132180447038.0,1099691968365,GAMA
28194475689.0,65399016939.0,25403899510.0,297658998332.0,928656308043.0,1054202758662.0,1351861756994,382679320708.0,73206033888.0,895976402398,GDST
12553943.0,2103555.0,6159223.0,48087436.0,63473170.0,77928920.0,126016356,69802905.0,1819623.0,54393828,GDYR
52947247161.0,106257122365.0,3760934694.0,587179039123.0,313507248253.0,399619647260.0,986798686383,454054273803.0,106701019905.0,426043392675,GEMA
78698801.0,87007687.0,17886316.0,327576563.0,71682384.0,373470067.0,701046630,248222303.0,137011411.0,315812916,GEMS
2034169.0,1725933.0,,45284719.0,22758558.0,23812500.0,69097219,22003567.0,1960367.0,45133285,GGRM
7696048.0,25460924.0,,45955010.0,402573820.0,439201752.0,485156762,63527586.0,29472212.0,392156964,GHON
251188737.0,351661479.0,62439198.0,1092915831.0,944002399.0,3074700469.0,4167616300,2976385526.0,461088971.0,730141803,GIAA
671415.0,1823474.0,1415841.0,8673407.0,9341227.0,11038071.0,19711478,5797360.0,8038288.0,5875830,GJTL
2540049145.0,3714568633.0,,22136300869.0,2809271072.0,15043827644.0,37180128513,258420563998.0,484071843890.0,-705312279375,GLOB
39127169.0,77289292.0,96143665.0,606989763.0,129826306.0,135558253.0,742548016,299410175.0,113978854.0,329158987,GMFI
17567063492.0,2002983833.0,,476746263941.0,2069610839.0,776115892081.0,1252862156022,347661140865.0,141129685908.0,764071329249,GMTD
2638028101.0,14111630205.0,,30984610702.0,184835176289.0,208230973761.0,239215584463,48022409114.0,97141354406.0,94051820943,GOLD
217697179498.0,437761876903.0,5910672406.0,1570545769306.0,2280734909765.0,2641862536377.0,4212408305683,1328163043500.0,394836785503.0,2489408476680,GOOD
66128059405.0,166113931917.0,7743530855.0,1346121491173.0,42494242460.0,190332099245.0,1536453590418,236047703080.0,218392325518.0,1082013561820,GPRA
139869762.0,,,3422558425.0,105310791.0,1343778825.0,4766337250,3205396157.0,75249587.0,1485691506,GSMF
382603313470.0,11020198913.0,,1174187644192.0,222749848702.0,6316846181080.0,7491033825272,150466366721.0,447023703855.0,6893543754696,GWSA
6819.0,2050.0,,238035.0,776433.0,2672838.0,2910873,343337.0,1496800.0,1070736,GZCO
1032382837.0,305323800.0,,64444934599.0,4449473960.0,13173664165.0,77618598764,771995843.0,1202130665.0,75644472256,HADE
6878637.0,,,,54932463.0,,2260886445,,,232189880,HDFA
7119116.0,3946955.0,1055974.0,37133314.0,411184843.0,549807353.0,586940667,235055724.0,215745501.0,136139442,HDTX
303801.0,770220.0,6881.0,1228572.0,2656140.0,2942635.0,4171207,1040038.0,761460.0,2369709,HEAL
499100.0,293225.0,2099.0,2962414.0,2782800.0,3309444.0,6271858,2167159.0,163211.0,3941488,HERO
45600524.0,92231834.0,586899.0,303730658.0,32395945.0,42581792.0,346312450,165873539.0,11149711.0,169289200,HEXA
23488848.0,7044888.0,2166993.0,37917105.0,153637273.0,159441834.0,197358939,44691188.0,99320318.0,53347433,HITS
85498752871.0,322823218126.0,,1092216775330.0,419223958450.0,441103303042.0,1533320078372,533438496043.0,378069885064.0,621811697265,HKMU
15516439.0,3370321.0,137280.0,37831483.0,7288435.0,8770937.0,46602420,8793999.0,2450168.0,35358253,HMSP
42927581553.0,261411713631.0,55639360.0,490747589782.0,263407043489.0,268098966249.0,758846556031,183224424681.0,12454553111.0,563167578239,HOKI
1026253821.0,37644803012.0,,39364767694.0,241828979921.0,241828979921.0,281193747615,85625477493.0,12657335486.0,182910934636,HOME
10633475634.0,2934866737.0,,376585300223.0,749750148238.0,828540934990.0,1205126235213,229045674613.0,596716183066.0,379364377534,HOTL
13604169222.0,798882166925.0,,1430530685815.0,91933498918.0,106500866664.0,1537031552479,388009846474.0,56298486981.0,1092723219024,HRTA
216441996.0,29357213.0,6142775.0,310761349.0,82159276.0,157227846.0,467989195,68153325.0,11349079.0,388486791,HRUM
728266.0,2084731.0,,10932113.0,53059270.0,57510726.0,68442839,25761926.0,4279709.0,38401204,IATA
72804857330.0,,,,1857616936.0,,1903156719120,,,393341149446,IBFN
279748879285.0,373682349107.0,10029715.0,1149973619979.0,6331628401699.0,6575627512444.0,7725601132423,956508963121.0,1547711915701.0,5221380253601,IBST
4726822.0,1117009.0,3011182.0,14121568.0,10741622.0,20245585.0,34367153,7235398.0,4424605.0,22707150,ICBP
6297697652.0,64093447255.0,,352541158368.0,9848624923.0,43428212267.0,395969370635,184903515871.0,6228782527.0,204837072237,ICON
107591190567.0,195879157013.0,,917294028327.0,993606088413.0,1006783650557.0,1924077678884,367885334191.0,333398930983.0,1222793413710,IDPR
106627245303.0,155930119765.0,,416191470229.0,129189294974.0,154006340469.0,570197810698,72223978098.0,15059589263.0,482914243337,IGAR
953052261.0,3247370000.0,,21055644654.0,91056719450.0,277035003418.0,298090648072,22158317850.0,1588588145.0,274343742077,IIKP
76001833.0,1323705.0,,92211026.0,885612633.0,1244805083.0,1337016109,196634638.0,346249703.0,794131768,IKAI
8715325.0,9415973.0,12123868.0,52805507.0,32418145.0,40802287.0,93607794,19456817.0,6740656.0,67410321,IKBI
1154620417322.0,1897313994915.0,427535987747.0,16377048870513.0,7081169075003.0,24578947403349.0,40955996273862,21333832691450.0,9298420617188.0,10323742965224,IMAS
339371453719.0,141424634416.0,79943423523.0,6953329452239.0,5062236875916.0,13047657598190.0,20000987050429,10219692647961.0,7004472544515.0,2776821857953,IMJS
280567741229.0,210281669840.0,44836954721.0,1220137554014.0,757379485281.0,1150061263789.0,2370198817803,342328901816.0,655646584965.0,1372223331022,IMPC
129324891466.0,163737603056.0,6946762613.0,867493107334.0,496765557301.0,574857501241.0,1442350608575,827237832766.0,118465915951.0,496646859858,INAF
98426209562.0,375933774031.0,36505165940.0,1053375131067.0,227489647951.0,347308467029.0,1400683598096,1029377481187.0,67422185662.0,303883931247,INAI
63776024266.0,221231510642.0,,376627797261.0,117481401418.0,158048880207.0,534676677468,369060636787.0,15921447789.0,149694592892,INCF
49524169619.0,70075574399.0,9768977597.0,191492982970.0,174915334612.0,199869714986.0,391362697956,63071077029.0,8339201129.0,319952419798,INCI
301153.0,,124248.0,630998.0,1434510.0,1571454.0,2202452,175340.0,143385.0,1883727,INCO
8809253.0,4258499.0,1143472.0,33272618.0,42388236.0,63265178.0,96537796,31204102.0,15416894.0,49916800,INDF
35560700.0,91213543.0,9646002.0,315297090.0,454075397.0,490621689.0,805918779,303733446.0,152732154.0,349453179,INDR
245989564055.0,409642916389.0,31075947672.0,1134664034610.0,1220184634629.0,1347673533357.0,2482337567967,217729909744.0,70375822370.0,2194231835853,INDS
18594561751.0,,660000000.0,30056313017.0,23789737950.0,23949732951.0,54006045968,71224453.0,272341816.0,53662479699,INDX
613047704.0,403163461.0,26195380.0,1459823192.0,626951634.0,2210129501.0,3669952693,670423025.0,1872345547.0,1127184121,INDY
756256.0,163680.0,929445.0,4190614.0,3933605.0,4560399.0,8751013,1741730.0,3237751.0,3771532,INKP
,,,,2053140.0,,26025188,,,4587110,INPC
582976697117.0,33854983028.0,,755359080833.0,1565556730495.0,6209375759946.0,6964734840779,732693107709.0,1875681563157.0,4356360169913,INPP
1944574340.0,37884904592.0,12783067488.0,68269659819.0,392731460052.0,412022658624.0,480292318443,192420699918.0,147109619921.0,140761998604,INPS
362.0,,,92464.0,186950.0,318761.0,411225,51046.0,190004.0,170175,INRU
139737.0,580388.0,1.0,2291606.0,1123778.0,2707926.0,4999532,1883735.0,2898658.0,217139,INTA
10091252923.0,11711649280.0,,45326151824.0,3056727852.0,6866855402.0,52193007226,3112978732.0,10276653519.0,38803374975,INTD
7225876.0,2961556.0,4221.0,12315796.0,14637185.0,15472766.0,27788562,3925649.0,641324.0,23221589,INTP
556526561608.0,78519855194.0,,717026395906.0,251630477582.0,538218731905.0,1255245127811,151765550600.0,0.0,1103479577211,IPCC
334882693.0,20400923.0,221254869.0,741564016.0,372953588.0,417629773.0,1159193789,118037677.0,0.0,1041156112,IPCM
12118460.0,49852915.0,5066166.0,108667852.0,180836560.0,183459120.0,292126972,106171161.0,24273011.0,161682800,IPOL
1045041.0,2537599.0,388479.0,7906525.0,36899330.0,45233062.0,53139587,21040365.0,19962975.0,12136247,ISAT
232235.0,655892.0,13646.0,3640720.0,2197050.0,2853350.0,6494070,2579383.0,999271.0,2915416,ISSP
63454.0,,6600.0,347298.0,708.0,134157632.0,134504930,309341.0,0.0,134195589,ITMA
368216.0,213475.0,3937.0,766450.0,227294.0,676278.0,1442728,389897.0,83048.0,969783,ITMG
31097765.0,17969931720.0,,48177565908.0,0.0,20208757453.0,68386323361,4671139831.0,1442000000.0,62273183530,ITTG
12769513214.0,19686891717.0,,324090120906.0,989910852049.0,3118303617967.0,3442393738873,359942626416.0,2408500511751.0,673950600706,JAWA
100318896.0,322992909.0,243111025.0,1415578044.0,588760580.0,666042949.0,2081620993,1288252935.0,184126894.0,609241164,JECC
19797579925.0,17280730774.0,12603408334.0,1471341731170.0,2090622155811.0,2372545387095.0,3843887118265,358422568492.0,1212962050207.0,2272502499566,JGLE
398826951.0,65423271.0,5085301.0,669848678.0,1019825632.0,5936840355.0,6606689033,761651899.0,845715126.0,4999322008,JIHD
103252468.0,918251932.0,112035539.0,2510268566.0,747019235.0,2293988222.0,4804256788,1933630733.0,288129800.0,2582496255,JKON
10218895207.0,286106632.0,60575759738.0,85911795056.0,29125696494.0,104719211458.0,190631006514,28373641550.0,656617207177.0,-494359842213,JKSW
1086970.0,1600721.0,92056.0,12415809.0,7951910.0,10622219.0,23038028,6904477.0,5918742.0,10214809,JPFA
966107445.0,93871965.0,909462.0,3923648209.0,133633966.0,6617600058.0,10541248267,3480039223.0,367860357.0,6693348687,JRPT
24786883486.0,69841259287.0,29873912469.0,388621173509.0,95080477419.0,179335072206.0,567956245715,314911254451.0,49077099147.0,203967892117,JSKY
5942954293.0,,,11813856471.0,754805817.0,70604744319.0,82418600790,31081475143.0,31138139848.0,20198985799,JSMR
743881481.0,117624508.0,2426.0,1390828947.0,1730723007.0,3657768326.0,5048597273,692329572.0,1119453947.0,3236813754,JSPT
150731756306.0,112013003064.0,199775063.0,571321328087.0,437901244110.0,515847969548.0,1087169297635,397433070872.0,42310284440.0,647425942323,JTPE
1960038027753.0,736771582922.0,116990851398.0,5369546726061.0,2693681582098.0,4090880591620.0,9460427317681,3774304481466.0,2329663106364.0,3356459729851,KAEF
1115321.0,4652745.0,,6246256.0,18484804.0,18690168.0,24936424,58322284.0,34683.0,-33420543,KARW
92921016293.0,1079785272361.0,19610987333.0,2173538859435.0,953319581106.0,1071282787641.0,3244821647076,882122694126.0,331718194021.0,2030980758929,KBLI
40902446640.0,211887405177.0,80827334006.0,604353216583.0,694005261792.0,694005261792.0,1298358478375,463589374916.0,13297819406.0,821471284053,KBLM
73075.0,40195.0,28150.0,221912.0,762828.0,6753814.0,6975726,4033009.0,1638345.0,1304372,KBLV
911985253.0,1037632518.0,,35350526457.0,1022698751298.0,1023576985303.0,1058927511760,672263564452.0,216975429094.0,169688518214,KBRI
49976085928.0,370235456448.0,,824176454137.0,524053587271.0,567240010375.0,1391416464512,704831802004.0,131413633107.0,555171029401,KDSI
7612288140.0,237874481.0,427721354133.0,560456340708.0,1131111493896.0,1143968238500.0,1704424579208,192300522743.0,157286823080.0,1354837233385,KIAS
5899514704.0,12195402919.0,4328537526.0,97221132552.0,43041846123.0,56867615214.0,154088747766,15902122815.0,43537023049.0,94649601902,KICI
878874959963.0,716399919042.0,,8182825873086.0,2247379289162.0,3600946370941.0,11783772244027,1144917357852.0,4586346007982.0,6052508878193,KIJA
239772575877.0,966790910171.0,770208188.0,1975979249304.0,1423720979453.0,1616184956104.0,3592164205408,1316323262100.0,88940816912.0,2186900126396,KINO
18369783915.0,69465031930.0,4233790117.0,221999958382.0,2687326897.0,27644798994.0,249644757376,138165150765.0,2171245037.0,109308361574,KIOS
3545158.0,1913637.0,9081.0,29163504.0,28508499.0,88101717.0,117265221,19728859.0,10829625.0,86706737,KKGI
3153327557478.0,3230855504419.0,24689355369.0,10648288386726.0,6252801150475.0,7497917758643.0,18146206145369,2286167471594.0,565443877421.0,15294594796354,KLBF
438386391172.0,156856689038.0,180405079512.0,2059600582207.0,824521900088.0,1488638592418.0,3548239174625,1763387428345.0,327028802078.0,1457822944202,KMTR
7631649.0,26177229.0,654708.0,83571362.0,16525372.0,28350327.0,111921689,74906893.0,4985603.0,32029193,KOBX
37960489893.0,458795130807.0,5134849051.0,803042816102.0,23434425176.0,52529991353.0,855572807455,734503822439.0,17989355076.0,103079629940,KOIN
10514190779.0,19143601234.0,,93055330628.0,20463544285.0,35176174149.0,128231504777,101393835465.0,14456436207.0,12381233105,KONI
3382319713.0,49420149032.0,,69626039028.0,61211796844.0,77640897649.0,147266936677,57704824338.0,9285133151.0,80276979188,KOPI
2530328283.0,91321153.0,9193813128.0,298969349858.0,452532696076.0,454767131925.0,753736481783,439432705322.0,125331720259.0,188972056202,KPAL
5334127442.0,12598689288.0,5601915882.0,51999023248.0,172670033281.0,178725342035.0,230724365283,73167363109.0,21236264486.0,136320737688,KPAS
289241072355.0,39595215000.0,139855257310.0,4103538241550.0,3944440313048.0,13417825304213.0,17521363545763,1048185860149.0,3533813411649.0,12939364273965,KPIG
3705730112.0,51712092451.0,,436596444571.0,134470791608.0,169459186518.0,606055631089,436338221754.0,111015746430.0,58701662905,KRAH
173286.0,145164.0,74479.0,989720.0,2851173.0,3308598.0,4298318,1598675.0,899430.0,1800213,KRAS
259484915759.0,651017217898.0,75288853125.0,2699531695096.0,129975781140.0,804648325741.0,3504180020837,765640556517.0,131677076857.0,2606862387463,KREN
39693044389.0,31414929121.0,,270825058325.0,13311919988.0,415564382011.0,686389440336,54111245794.0,93359507601.0,538918686941,LAND
226434.0,23242361.0,,43105919.0,234196425.0,234866797.0,277972716,274704678.0,2519943.0,748095,LAPD
8449535.0,6272338.0,135193.0,16370793.0,137271481.0,140295533.0,156666326,23656670.0,83598849.0,49410807,LEAD
599901.0,285805.0,121846.0,1077472.0,4568443.0,4946139.0,6023611,1095579.0,176933.0,4751099,LINK
151270510307.0,112417058743.0,22672705218.0,516186639128.0,88577346166.0,180005988973.0,696192628101,146900045005.0,74122021021.0,475170562075,LION
1646912684.0,17374184279.0,10047070796.0,399802727477.0,33625911810.0,54182122641.0,453984850118,222453058213.0,104925359441.0,126606432464,LMAS
5225405711.0,172512845099.0,2480503979.0,525674069930.0,260570405821.0,261030683053.0,786704752983,379536352404.0,76677735883.0,330490664696,LMPI
23551292798.0,20218412284.0,,91588263964.0,53554909787.0,68439016189.0,160027280153,17303304955.0,10031766908.0,132692208290,LMSH
623125.0,295251.0,,,94116.0,,9225622,,,7530028,LPCK
16493397856.0,,,,41712464138.0,,2485186649117,,,879819493867,LPGI
60458218872.0,23454699528.0,,137578748642.0,5010991451.0,164017700176.0,301596448818,17360517147.0,10665524000.0,273570407671,LPIN
1818430.0,2393509.0,8029.0,33046506.0,5397911.0,16036954.0,49083460,8204921.0,16131471.0,24747068,LPKR
20806.0,20518.0,8253.0,725542.0,12488.0,586189.0,1311731,191650.0,109747.0,1010334,LPLI
1184080.0,129487.0,,3014408.0,1249153.0,2021988.0,5036396,2739811.0,480757.0,1815828,LPPF
58455241161.0,,,,604523211.0,,1262027127785,,,1249952221267,LPPS
16884545148.0,2226832487.0,4884827650.0,33278321166.0,260733319651.0,278781122111.0,312059443277,20166061081.0,23848571382.0,268044810814,LRNA
1663456.0,65756.0,3140.0,2444027.0,3140708.0,7593267.0,10037294,524814.0,1180361.0,8332119,LSIP
143594.0,1204782.0,4803.0,2842640.0,1901953.0,3475801.0,6318441,2987480.0,1205919.0,2125042,LTLS
8692465953.0,32457213893.0,,82126754400.0,63747688214.0,66075006619.0,148201761019,13709973547.0,7510482814.0,126981304658,LUCK
7648032075.0,106402728796.0,140715825200.0,1636315681579.0,558197818081.0,672580904603.0,2308896586182,963438713759.0,795831676727.0,549626195696,MABA
143958984.0,309273625.0,37297740.0,1882512184.0,2092575482.0,2453332271.0,4335844455,1150319584.0,1288878777.0,1896646094,MAIN
9495927464.0,13754396123.0,,132106435403.0,508999423082.0,870496065899.0,1002602501302,67243886600.0,281448626214.0,653909988488,MAMI
467205.0,143663.0,31315.0,2841145.0,596025.0,803998.0,3645143,1152314.0,157523.0,2335306,MAPA
278468.0,28938.0,38895.0,593880.0,914675.0,1116575.0,1710455,561373.0,81164.0,1067918,MAPB
1412140.0,389328.0,75.0,7312798.0,3471259.0,5319873.0,12632671,5418884.0,1151601.0,6062186,MAPI
16315706074.0,63808497207.0,19011397844.0,,10592701385.0,,338701893494,,,223190946830,MARI
5426961713.0,63816431603.0,,162149436873.0,150750138714.0,155930889592.0,318080326465,73075412445.0,7267044064.0,237737869956,MARK
7899674.0,57835248.0,,231260203.0,385401534.0,412101308.0,643361511,218121004.0,107343548.0,317896959,MASA
,,,,1479816.0,,86971893,,,10788574,MAYA
54261741.0,27085142.0,1243211.0,107855898.0,33383746.0,65653364.0,173509262,40887182.0,8440826.0,124181254,MBAP
40013092.0,15177991.0,2336357.0,61982271.0,177648209.0,177726289.0,239708560,14429786.0,53891418.0,171387356,MBSS
3998894576.0,22990434445.0,225930194398.0,392357840917.0,134332773420.0,255659039408.0,648016880325,240203560883.0,107313562569.0,300499756873,MBTO
145688006684.0,180760300803.0,9761965218.0,1270088532440.0,117277791188.0,167932609592.0,1438021142032,324425588571.0,60941981175.0,1052653572286,MCAS
,,,,683878.0,,15992475,,,2516158,MCOR
15635078.0,312255174.0,492607.0,4696991010.0,272812386.0,751733193.0,5448724203,1812760078.0,1217821189.0,2418142936,MDIA
14086200.0,1304283.0,,154655805.0,270151716.0,643153573.0,797809378,182984988.0,192671257.0,422153133,MDKA
203117.0,14242.0,229.0,282378.0,593523.0,631687.0,914065,40242.0,42371.0,831452,MDKI
555465023300.0,700957919993.0,793346730000.0,3379233815963.0,1367323295972.0,11848246166267.0,15227479982230,1539785994579.0,6857894563440.0,6829799424211,MDLN
10186683953.0,7726334626.0,,169266553347.0,414105910014.0,649506754959.0,818773308306,820704808177.0,401176856361.0,-403108356232,MDRN
418052511.0,166517457.0,,1827115361.0,43212281.0,3425278385.0,5252393746,1101979278.0,2763153161.0,1387261307,MEDC
,,,,6045523020364.0,,83761946633920,,,13782671932603,MEGA
403188662.0,157583605.0,0.0,973309659.0,186743248.0,289804030.0,1263113689,709437157.0,35396131.0,518280401,MERK
663793520560.0,29386306388.0,72000000.0,1056763550217.0,274757425682.0,3248927566880.0,4305691117097,396158968085.0,930275843835.0,2979256305177,META
,,,,170262.0,,3621664,,,2060667,MFIN
38321298072.0,9319875973.0,916776649.0,54468312444.0,218310160923.0,219307448281.0,273775760725,30890778066.0,20556006399.0,222328976260,MFMI
114347888130.0,17798338250.0,216000000.0,279772685842.0,561513752236.0,798374982106.0,1078147667948,194286506334.0,218038478987.0,665822682627,MGRO
33953586516.0,178303685846.0,419332689.0,426630096664.0,396613573360.0,502201911165.0,928832007829,218195329431.0,72924681977.0,637711996421,MICE
196898.0,423464.0,3926.0,2174526.0,1598162.0,2785619.0,4960145,2959873.0,919451.0,1080821,MIDI
830677412813.0,326633303204.0,3882417390.0,2417657675136.0,2066106271946.0,2671759200617.0,5089416875753,311891416187.0,327605041855.0,4449920417711,MIKA
27732519501.0,776692056.0,,33303099670.0,24796937092.0,92286679794.0,125589779464,2063592531.0,429283660.0,123096903273,MINA
1832264011.0,43868110758.0,10441400.0,131453924595.0,161371043449.0,189323677629.0,320777602224,28024488205.0,68436947499.0,224316166520,MIRA
21273562512.0,11474887472.0,,83847347946.0,563275521.0,64417977364.0,148265325310,46673092545.0,26011085102.0,75581147663,MITI
43601627785.0,321760743466.0,3845958487.0,761294934968.0,20369958028.0,93801693618.0,855096628586,558243039723.0,21591213527.0,275262375336,MKNT
1340984802745.0,179555034963.0,,1622783914689.0,3868965026508.0,5385470928672.0,7008254843361,864766415319.0,911823323142.0,5231665104900,MKPI
307896.0,604963.0,680.0,1228961.0,1524061.0,1660540.0,2889501,1578919.0,143046.0,1167536,MLBI
2527201.0,329057.0,258646.0,6734460.0,2553362.0,10426442.0,17160902,5943688.0,4962864.0,6254350,MLPL
620348.0,162705.0,254694.0,1344421.0,560442.0,714599.0,2059020,991960.0,155709.0,911351,MLPT
152174691.0,51195214.0,146675.0,398155774.0,11917141.0,5693167033.0,6091322807,296640051.0,486455931.0,5308226825,MMLP
720247.0,2643694.0,141934.0,7336848.0,5541768.0,9002704.0,16339552,2153719.0,3543528.0,10642305,MNCN
308310115.0,214130801.0,38500.0,1087918253.0,707897980.0,780327346.0,1868245599,456061430.0,249218330.0,1162965839,MOLI
4032146.0,717837.0,,6014006.0,2832408.0,5929401.0,11943407,2826059.0,347878.0,8769470,MPMX
5112747.0,6191244.0,,15327259.0,296996065.0,297484861.0,312812120,47527952.0,118403399.0,146880769,MPOW
349463.0,17297.0,1749.0,2472849.0,1097913.0,2335696.0,4808545,2887516.0,771786.0,1149243,MPPA
345090045.0,,,354379988.0,5094565.0,1695939659.0,2050319647,720364120.0,1204156.0,1328751371,MPRO
16003117023.0,192679159586.0,,382330851179.0,59744095869.0,129556932688.0,511887783867,122929175890.0,20984611197.0,367973996780,MRAT
8866903912.0,,,,56864203151.0,,3426618296227,,,1410476968843,MREI
510723.0,79046.0,445534.0,1395097.0,118099.0,557122.0,1952219,663730.0,17416.0,1271073,MSIN
68349.0,326052.0,8043.0,706172.0,3804212.0,4187238.0,4893410,2490767.0,331007.0,2071636,MSKY
681234.0,1763882.0,2708.0,4294397.0,292093.0,558379.0,4852776,2095378.0,157167.0,2600231,MTDL
8744840077.0,91730879208.0,,,15023781729.0,,1126221625219,,,-72968368,MTFN
338464403.0,163676564.0,,2775577932.0,366199466.0,2418384808.0,5193962740,901881810.0,853318523.0,3438762407,MTLA
870501792.0,61683519439.0,,171807635498.0,11395801877.0,86783635423.0,258591270921,66905744998.0,45841771803.0,145843754120,MTPS
4094555154.0,676615461.0,,16698022321.0,29088710321.0,58431470172.0,75129492493,4801266631.0,7610524426.0,62717701436,MTSM
12243105866.0,,,,15362348317.0,,320972898768,,,129279805953,MTWI
42492930.0,1328434.0,21311619.0,102654561.0,42710041.0,48671537.0,151326098,29539108.0,7799255.0,113987735,MYOH
2495655019108.0,936153661759.0,4636713060038.0,12647858727872.0,4258300525120.0,4943847698762.0,17591706426634,4764510387113.0,4284651557827.0,8542544481694,MYOR
274240748976.0,218268500.0,,1353932720496.0,5496103066.0,10271254142481.0,11625186862977,3054697767100.0,646048724665.0,7924440371212,MYRX
16439.0,169488.0,691.0,807543.0,2646437.0,2940027.0,3747570,1885089.0,1623645.0,238836,MYTX
,,,,21248.0,,2313368,,,212499,NAGA
6227664402.0,310517446.0,,217922981565.0,48522938369.0,950285755953.0,1168208737518,30129016827.0,54174000000.0,1083905720691,NASA
3352787000.0,561794909.0,,14608989865.0,607998592863.0,610478436266.0,625087426131,16433244247.0,5398073185.0,603256108699,NATO
44392323611.0,35694113233.0,0.0,142043543822.0,331525743565.0,332301930931.0,474345474753,23526300566.0,27434283149.0,423384891038,NELY
42884489640.0,110246866070.0,11721483003.0,509070489484.0,4686603538.0,12541497548.0,521611987032,72477760784.0,36512017761.0,412622208487,NFCX
24013496359.0,0.0,,58169374859.0,499843750.0,33902123610.0,92071498469,960182500.0,96364000.0,91014951969,NICK
11103613.0,56949728.0,,109771800.0,30270929.0,38005412.0,147777212,101628716.0,3094960.0,43053536,NIKL
2988978222845.0,52152683517.0,,3685189023746.0,232694093339.0,3870516376766.0,7555705400512,550412311053.0,890276626273.0,6115016463186,NIRO
,,,,2799661.0,,173582894,,,24428254,NISP
,,,,63494.0,,11793981,,,1414377,NOBU
736127823546.0,294828814255.0,2780236500.0,1983250911717.0,95907631065.0,271460853923.0,2254711765640,957671673254.0,88803169332.0,1208236923054,NRCA
2447693959.0,340546177.0,,317718078837.0,82332999541.0,502571296993.0,820289375830,10888082105.0,44954159375.0,764447134350,NUSA
37810024819.0,9523158997.0,,48195142910.0,580053780.0,580053780.0,48775196690,286647510.0,377721000.0,48110828180,OASA
2438102497.0,2691455.0,,3662594596.0,31278472.0,65137639757.0,68800234353,34402484345.0,201467099312.0,-167069349304,OCAP
5576740.0,25544648.0,,57689038.0,97280629.0,130228556.0,187917594,94970148.0,79041386.0,13906060,OKAS
34021122069.0,5810189873.0,,240665448020.0,67798231830.0,4012041025018.0,4252706473038,232873604443.0,172169210565.0,3847663658030,OMRE
13789678117.0,,,,25444633554.0,,543334863433,,,524062440408,PADI
98438402.0,1135881.0,,154440107.0,808538076.0,1838104307.0,1992544414,102794199.0,277003135.0,1612747080,PALM
18362980581.0,3331885416.0,,109504732067.0,20070236365.0,40088429479.0,149593161546,91524875312.0,18204157687.0,39864128547,PANI
73547140.0,247290174.0,869237.0,563314710.0,695681394.0,1249987802.0,1813302512,458950923.0,522329301.0,832022288,PANR
10371908412.0,,,,36847271681.0,,2262123066186,,,1296615290070,PANS
209492929.0,288231149.0,46282075.0,1689893416.0,543172788.0,605841551.0,2295734967,708309176.0,43288405.0,1544137386,PBID
104940352399.0,121123066014.0,,467458331096.0,146699767492.0,197279544381.0,664737875477,109065259583.0,12377120429.0,543295495465,PBSA
15144132006.0,44109411894.0,,86383519237.0,12468114564.0,31039992537.0,117423511774,23934318332.0,5038892125.0,88450301317,PCAR
305402920515.0,3394500.0,,730968211726.0,509613931.0,3864182737.0,734832394463,224159947561.0,769628000.0,509902818902,PEGE
108627016.0,18933807.0,452420432.0,1008461509.0,621466518.0,860202037.0,1868663546,971332958.0,107532251.0,789798337,PEHA
1315234446.0,327283272.0,213642094.0,2473608746.0,4370060938.0,5465664421.0,7939273167,1604524366.0,3132858090.0,3201890711,PGAS
7784263626.0,257818749.0,,12082761825.0,24400454364.0,72283243645.0,84366005470,4944452456.0,16646155414.0,62775397600,PGLI
13007577355.0,53824688212.0,109522305709.0,508708851191.0,142861408050.0,344223591394.0,852932442585,411184672224.0,142186592733.0,299561177628,PICO
790696746543.0,113762281478.0,449819009.0,989040941426.0,2025977001676.0,3372353348445.0,4361394289871,1230669572911.0,1005094075213.0,2125630641747,PJAA
1403521.0,5856848.0,,36732710.0,40476890.0,91161800.0,127894510,329996.0,71985761.0,55578753,PKPK
3954991884.0,,,12306556609.0,,178383620166.0,190690176775,35592963383.0,0.0,155097213392,PLAS
858507746.0,138950638.0,257692.0,1412275572.0,781871305.0,3631650032.0,5043925604,1135313268.0,2676459808.0,1232152528,PLIN
,,,,10260918.0,,207204418,,,40747117,PNBN
,,,,89050545.0,,8771057795,,,1668466115,PNBS
3937552.0,,,,249611.0,,30209054,,,25725620,PNIN
3791567.0,,,,162633.0,,28252725,,,23770583,PNLF
32797085367.0,15982171439.0,,72353850695.0,356274405490.0,385123808372.0,457477659067,71298664786.0,103731044974.0,282447949307,PNSE
10743102979.0,,,,49445114445.0,,443590831858,,,391465368772,POLA
35361776844.0,75339113411.0,,414475625589.0,590326508818.0,1260366397628.0,1674842023217,462564590846.0,995594799373.0,216682632998,POLI
159378775526.0,0.0,47808089026.0,1232563861527.0,16961119860.0,3691662830722.0,4924226692249,1528199678043.0,1273715777137.0,2122311237069,POLL
4897172.0,38519694.0,,133845535.0,67760965.0,104401293.0,238246828,1100156831.0,67515608.0,-929425611,POLY
45509380257.0,287796056804.0,315156991.0,1201313012825.0,61909949131.0,89480626598.0,1290793639423,338267993184.0,2701944620.0,949823701619,POOL
230637261.0,146174263.0,95299.0,747599742.0,1038980275.0,1322400162.0,2069999904,409115604.0,726305060.0,934579240,PORT
156399591.0,69725252.0,,348471376.0,901075458.0,960524752.0,1308996128,63154796.0,605394678.0,640446654,POWR
630943315426.0,793249050273.0,1141965498605.0,3118829362600.0,2886918307456.0,3137166831027.0,6255996193627,1740789211959.0,1678451093340.0,2836755888328,PPRE
553969790532.0,6014699375735.0,,10413442231664.0,2169718612941.0,6062278254620.0,16475720486284,5685378489565.0,4971773985836.0,5818568010883,PPRO
85095717332.0,101687044116.0,,600236724175.0,965431762828.0,1035306297340.0,1635543021515,776997095216.0,170416738315.0,688129187984,PRAS
102484.0,164452.0,85.0,1202095.0,519806.0,728286.0,1930381,164283.0,203932.0,1562166,PRDA
3175937344.0,53637759069.0,,68108166894.0,293437980907.0,844188639562.0,912296806456,58754512091.0,4675249055.0,848867045310,PRIM
14739508.0,0.0,,121269487.0,301214290.0,795085539.0,916355026,171107218.0,375383065.0,369864743,PSAB
56321066889.0,92099462989.0,,369067844907.0,268384275903.0,328589555744.0,697657400651,361013085421.0,93747185577.0,242897129653,PSDN
11919063364.0,6459326729.0,,65478027159.0,392650226505.0,404611093544.0,470089120703,50807440321.0,6566532043.0,412715148339,PSKT
13493264.0,7946144.0,,29687700.0,77107977.0,80426827.0,110114527,19211540.0,19171835.0,71731152,PSSI
6301163.0,712477.0,2069090.0,11739344.0,6547586.0,12433589.0,24172933,4935696.0,2967541.0,16269696,PTBA
589671.0,1354679.0,,4328887.0,32568633.0,33585560.0,37914447,5951747.0,15551480.0,16411220,PTIS
8647426549628.0,10763603174612.0,11282550914770.0,37534483162953.05,7687529123159.0,15014667740019.0,52549150902972,26522885215828.0,9710653711725.0,16315611975419,PTPP
68167.0,103924.0,20829.0,250174.0,298461.0,305417.0,555591,147864.0,216595.0,191132,PTRO
8291115.0,100818380.0,,219185741.0,67806051.0,68390399.0,287576140,202957153.0,14967016.0,69651971,PTSN
23911602.0,2070083.0,,102935391.0,176419149.0,205147320.0,308082711,96357019.0,47172903.0,164552789,PTSP
28450123822.0,8741371495.0,,153016153299.0,171340866078.0,336514425934.0,489530579233,38656037898.0,112698704991.0,338175836344,PUDP
4460081353.0,413854143.0,,9472787624.0,1732817498.0,15545292600.0,25018080224,4096381121.0,5610017637.0,15311681466,PWON
1953299357.0,42692622386.0,,91387136759.0,90377679595.0,95670027095.0,187057163854,33141647397.0,34987955657.0,118927560800,PYFA
324193391264.0,13701790745.0,,817048391939.0,869546297527.0,1213138567037.0,2030186958976,484763053420.0,332848606510.0,1212575299046,PZZA
20036856.0,13782474.0,515998.0,66868762.0,55180514.0,124235378.0,191104140,17833522.0,41515394.0,131755224,RAJA
1950775.0,16346.0,,3557488.0,1164225.0,1685559.0,5243047,1093095.0,322487.0,3827465,RALS
246393790857.0,40533512101.0,,544178319988.0,255260217838.0,359825419450.0,904003739438,348666837381.0,51292877616.0,504044024441,RANC
191471687510.0,39592652330.0,,298062795147.0,239536360317.0,599905232491.0,897968027638,140941418487.0,127817432477.0,629209176674,RBMS
486114531307.0,9539328215.0,,542644351154.0,15750523665.0,1983845430011.0,2526489781165,120721746865.0,92345019672.0,2313423014628,RDTX
193061954490.0,,,,16728592476.0,,589051198715,,,452619441965,RELI
131171930453.0,209007547536.0,85473238541.0,1211372836329.0,314172000547.0,328229218503.0,1539602054832,994288048839.0,100404519947.0,444909486046,RICY
3850991.0,5778117.0,756023.0,18320361.0,45005214.0,45060535.0,63380896,19251818.0,861641.0,43267437,RIGS
135978150296.0,178026360671.0,,338133699860.0,205875028971.0,6176417304439.0,6514551004299,1071127830409.0,14191878438.0,5429231295452,RIMO
269560883477.0,13332843619.0,,1092177376492.0,507859278429.0,1271220539665.0,2363397916157,304727195906.0,195804362074.0,1862866358177,RISE
279093.0,2001034.0,162732.0,9584354.0,5216573.0,5295235.0,14879589,6028559.0,485059.0,8365971,RMBA
63405958254.0,69862421905.0,,1809645072094.0,8383303186.0,2171204162784.0,3980849234878,400987852706.0,853891787666.0,2725969594506,RODA
1294525260890.0,206166236967.0,206783616894.0,1876409299238.0,2222133112899.0,2517401081645.0,4393810380883,525422150049.0,951487110723.0,2916901120111,ROTI
78089064310.0,352478316236.0,131864064.0,524126165449.0,373050828416.0,466246153243.0,990372318692,473216197423.0,111199161117.0,405956960152,RUIS
27766979155.0,8342062030.0,0.0,41100383127.0,302100937867.0,306736945883.0,347837329010,210911344355.0,197549105047.0,-60623120392,SAFE
102860526801.0,195284845320.0,,427198442585.0,2087039958655.0,2101833457498.0,2529031900083,121409441562.0,1081531816035.0,1326090642486,SAME
20785943974.0,48662001237.0,,78186496714.0,16461947431.0,19366905964.0,97553402678,19559153698.0,11418119718.0,66576129262,SAPX
38071241042.0,9275300375.0,0.0,206103355948.0,87264651096.0,106957847526.0,313061203474,92624163579.0,107811640184.0,112625399711,SATU
378268913.0,22815937.0,2617526.0,584431081.0,458052815.0,5188397114.0,5772828195,590773831.0,785842932.0,4396211432,SCBD
387321809624.0,335906592055.0,529865254208.0,2310899967253.0,1683305229385.0,1854296511604.0,4165196478857,1211478289822.0,42969050968.0,2910749138067,SCCO
829557962.0,1446558282.0,59456991.0,3426795184.0,1049625049.0,2711431400.0,6138226584,804149297.0,231124772.0,5102952515,SCMA
4144582927.0,61423326221.0,,87698959097.0,270761259708.0,274666735373.0,362365694470,84374199166.0,85729994658.0,192261500646,SDMU
37685486427.0,486633871438.0,,1093923908933.0,19895955091.0,98967311520.0,1192891220453,935926818869.0,24856461000.0,232107940584,SDPC
,,,,355058.0,,29631693,,,6550468,SDRA
304116373.0,120383295.0,,1591686549.0,2121688781.0,7427158403.0,9018844952,1732828695.0,3257166599.0,4028849658,SGRO
20790702450.0,25135833839.0,24670267548.0,299570120259.0,1106699208198.0,1203528779852.0,1503098900111,100696003966.0,454513760185.0,947889135960,SHID
5268179.0,5239169.0,,16562048.0,217245218.0,217436572.0,233998620,47438990.0,89095389.0,97464241,SHIP
805833.0,238574.0,170419.0,1547666.0,1553362.0,1789962.0,3337628,368380.0,66634.0,2902614,SIDO
215920.0,1208332.0,742.0,1766444.0,4080094.0,5928498.0,7694942,979930.0,398337.0,6316675,SILO
41683149.0,,,41683149.0,6639521675.0,74507904520.0,74549587669,59036165079.0,309869000.0,15203553590,SIMA
2071459.0,700189.0,582406.0,6988907.0,20065928.0,27677599.0,34666506,7791396.0,8588433.0,18286677,SIMP
186845.0,347020.0,427.0,1154203.0,879228.0,1033676.0,2187879,1047350.0,300041.0,840488,SIPD
268820928488.0,240432219376.0,5283738253.0,851410216636.0,582660258194.0,919955755373.0,1771365972009,615506825729.0,115282593709.0,1040576552571,SKBM
20393369843.0,163848351756.0,5187100730.0,356735670030.0,323244348971.0,390558055405.0,747293725435,291349105535.0,116708612900.0,339236007000,SKLT
136019495952.0,151635748835.0,717135890.0,402475471538.0,1180810201301.0,1181111307017.0,1583586778555,235309316647.0,709039916749.0,639237545159,SKRN
1029733120.0,23820448.0,,1179772615.0,334883900.0,30083308455.0,31263081070,715983289.0,310537684.0,30236560097,SKYB
648644.0,1377893.0,2636615.0,12602204.0,11862973.0,16708106.0,29310310,8452099.0,8609006.0,12249205,SMAR
465826559.0,463370548.0,25871798.0,1358329865.0,4012558978.0,4179749638.0,5538079503,636408215.0,1428000232.0,3473671056,SMBR
336606.0,999488.0,21895.0,2597672.0,15468710.0,16069515.0,18667187,9739775.0,2511062.0,6416350,SMCB
79696037958.0,13035000855.0,,886958604049.0,301243965690.0,2271683781011.0,3158642385060,388229372720.0,217899448167.0,2552513564173,SMDM
55627181.0,116328826.0,12807053.0,220642568.0,342504886.0,379148178.0,599790746,201448507.0,91709771.0,306632468,SMDR
3980657.0,,,,2642568.0,,100663451,,,25113240,SMMA
45625197134.0,1246653955.0,,57750932681.0,49223079535.0,774215004587.0,831965937268,175830166003.0,166600804322.0,489534966943,SMMT
1533562079.0,342635716.0,51232423.0,10507809126.0,376728691.0,12791432942.0,23299242068,7230613430.0,7007924073.0,9060704565,SMRA
92420934299.0,112932914982.0,16076392438.0,502905663537.0,676565494536.0,1405481184711.0,1908386848248,216453725247.0,733714549887.0,958218573114,SMRU
66860.0,889281.0,47326.0,1853782.0,749122.0,947421.0,2801203,470116.0,180810.0,2150277,SMSM
6570425.0,15693022.0,5406799.0,93316023.0,561453984.0,576561394.0,669877417,36719559.0,305944319.0,327213539,SOCI
472004336561.0,12116089809.0,,998371024853.0,172420105431.0,252439057577.0,1250810082430,389766603918.0,98944035950.0,762099442562,SONA
36419023493.0,71102310876.0,,197398865413.0,8983928096.0,14058342001.0,211457207414,102698371542.0,11798019191.0,96960816681,SOSS
82179134103.0,723463554.0,,93843638956.0,361581845314.0,362520400851.0,456364039807,23859080993.0,94976996495.0,337527962319,SOTS
240382044341.0,126583358698.0,312766672.0,887986684146.0,1367186114023.0,1394858948778.0,2282845632924,236077148880.0,792158804836.0,1254609679208,SPMA
92814255885.0,505224516359.0,481779364.0,1127748329437.0,788595572749.0,1351961549893.0,2479709879330,641087613285.0,261873901487.0,1576748364558,SPTO
224622127737.0,128383559073.0,122381700.0,546568955243.0,1758982036815.0,2192314630804.0,2738883586047,772702399108.0,123461098798.0,1842720088141,SRAJ
128073266.0,146396588.0,49698074.0,706252545.0,653580976.0,658019446.0,1364271991,228955322.0,619069138.0,516247531,SRIL
9103719.0,128331348.0,102300.0,448247260.0,224257888.0,238529951.0,686777211,182749220.0,26239975.0,477788016,SRSN
,,,,,,20114874,,,15964248,SRTG
1371984166115.0,342793565869.0,8937708.0,3458662374618.0,1252198812069.0,3945504725906.0,7404167100524,2033129970843.0,986030794794.0,4385006334887,SSIA
2304638750.0,52670229.0,137239526.0,6102755239.0,565524135.0,5193357059.0,11296112298,1156484796.0,6070445160.0,4069182342,SSMS
3324644849.0,15493537094.0,,294172560216.0,267100180681.0,268001620681.0,562174180897,131917686499.0,215006169768.0,215250324630,SSTM
3916489221.0,45532079304.0,,332865525071.0,280227809829.0,283090481639.0,615956006710,115834635089.0,8766794617.0,491354577004,STAR
64106808475.0,158456254158.0,263919643957.0,1250806822918.0,1096143561950.0,1380382987112.0,2631189810030,676673564908.0,308128298170.0,1646387946952,STTP
5817102.0,4041995.0,,41046100.0,46247665.0,60144018.0,101190118,90200114.0,6004287.0,4985717,SULI
147045.0,1005389.0,,2073521.0,8288344.0,9596960.0,11670481,1536265.0,7164311.0,2969905,SUPR
13475736939.0,21963806583.0,,44263031693.0,520870056068.0,523272579618.0,567535611311,418220636405.0,33767386715.0,115547588191,SURE
9613556973.0,41038681934.0,21390359455.0,187154293062.0,358275742712.0,363418500123.0,550572793185,196455406732.0,2706777826.0,351410608627,SWAT
37845309428.0,159373373450.0,,405988723901.0,570873765937.0,578609048088.0,984597771989,151341881953.0,24876903230.0,808378986806,TALF
1574878.0,2702319.0,,4910626.0,86077953.0,95246852.0,100157478,11850515.0,36942842.0,51364121,TAMU
10030548554.0,0.0,,53352751959.0,776881431.0,1068926473883.0,1122279225842,68247399754.0,1008052479.0,1053023773609,TARA
7534069.0,236489681.0,,,712463928.0,,1269024960,,,-584587091,TAXI
220586.0,604728.0,,2027465.0,21878608.0,27086282.0,29113747,6424937.0,19009245.0,3679565,TBIG
224334.0,1072224.0,950789.0,6203335.0,6428456.0,10136581.0,16339916,3300644.0,8255656.0,4783616,TBLA
11373573.0,69505624.0,42483681.0,148105708.0,9473126.0,42848448.0,190954156,147744803.0,314169.0,42895184,TBMS
369170524762.0,14257300359.0,372943508175.0,1333428311186.0,998708967039.0,1111715200615.0,2445143511801,231533842787.0,241146503875.0,1972463165139,TCID
4535432.0,69170614.0,26548220.0,164592665.0,89431662.0,139611407.0,304204072,74412300.0,86766742.0,143025030,TDPM
418279.0,3112993.0,21310.0,7609754.0,127420.0,729331.0,8339085,1466633.0,2983815.0,3888637,TELE
17625669.0,22919822.0,,103669112.0,206894471.0,218183755.0,321852867,22461472.0,4880106.0,294511289,TFCO
20116067380.0,30953325427.0,,84878968376.0,272967326567.0,385943469745.0,470822438121,61318883592.0,47174108036.0,362329446493,TGRA
42841681.0,,,,9375944.0,,1514968848,,,345487555,TIFA
784610.0,1973760.0,,9204287.0,3085182.0,5913661.0,15117948,6176251.0,2419816.0,6521881,TINS
28327048886.0,44662026296.0,,648335408999.0,257979531878.0,275031024800.0,923366433799,599302543303.0,236578471371.0,87485419125,TIRT
153293.0,110194.0,12932.0,941679.0,1033444.0,2023457.0,2965136,555059.0,1174892.0,1235185,TKIM
17439.0,9288.0,2126.0,43268.0,143248.0,162928.0,206196,46261.0,42632.0,117303,TLKM
40377301680.0,177140892332.0,7785339222.0,411249064950.0,2176593142066.0,2426177079652.0,2837426144602,956341007520.0,811670907569.0,1069414229513,TMAS
7024446536.0,9723314660.0,,43528281799.0,,3349843329.0,46878125128,3816016104.0,3107378995.0,39954730029,TNCA
57389309.0,19887032.0,,141942144.0,48261432.0,359941050.0,501883194,115958768.0,170300554.0,215623872,TOBA
177068698664.0,232833660889.0,263167441417.0,2537853383544.0,365500854466.0,836732845701.0,3374586229245,1739558731651.0,265893259000.0,1369134238594,TOPS
675972372.0,669409058.0,53173793.0,2670409421.0,165726237.0,558308736.0,3228718157,1945591346.0,231016074.0,1052110737,TOTL
160457752995.0,16752730316.0,413522553967.0,1339048037127.0,732411678729.0,1558071752917.0,2897119790044,453374610070.0,514268027237.0,1929477152737,TOTO
963383.0,820907.0,130.0,2275390.0,15980147.0,20684228.0,22959618,4751801.0,10174537.0,8033280,TOWR
726714.0,134543.0,19768.0,1395717.0,1726965.0,1777769.0,3173486,680250.0,723159.0,1770077,TPIA
4628282.0,11754950.0,,17754293.0,92466285.0,93723261.0,111477554,24013599.0,11829410.0,75634545,TPMA
195790015.0,219189006.0,135349.0,1378552921.0,2852738310.0,6856607579.0,8235160500,1784719097.0,1143141075.0,5307300328,TRAM
12019012396.0,9294359294.0,0.0,91670013515.0,37675944342.0,39252990309.0,130923003824,33622467.0,5619588825.0,125269792532,TRIL
247794846209.0,,,,12036146635.0,,2672016834218,,,792271316056,TRIM
11330685135.0,12813132614.0,,128387536230.0,35686610784.0,65275571154.0,193663107384,829311833210.0,2949312594887.0,-3584961320713,TRIO
49425151764.0,111878634950.0,1849073814.0,439825803141.0,121891794614.0,193188478184.0,633014281325,273186011900.0,3603425447.0,356224843978,TRIS
123688904710.0,506095944881.0,,1494150559018.0,2535555929013.0,2790751028108.0,4284901587126,1314074889815.0,733442081189.0,2237384616122,TRST
22500000.0,,,,8251749523.0,,311074692234,,,266526556786,TRUS
1903177852578.0,1171801034437.0,2462139003.0,5130662268849.0,2271379683420.0,2739312791477.0,7869975060326,2039075034339.0,398051955493.0,5432848070494,TSPC
8660657.0,,,,68623038.0,,1204254398,,,512950276,TUGU
362155.0,488403.0,13111.0,2381375.0,2262132.0,3654469.0,6035844,1641842.0,839087.0,3554915,TURI
1444310.0,530498.0,,2793521.0,1453135.0,2762350.0,5555871,635161.0,145754.0,4774956,ULTJ
26043452.0,15180369.0,18255532.0,176402109.0,28937672.0,60008279.0,236410388,66564069.0,3513626.0,166332693,UNIC
1141687408.0,31434147919.0,,145765932001.0,267981219184.0,273935717146.0,419701649147,172205936808.0,1547630271.0,245948082068,UNIT
53643.0,198177.0,,1474492.0,7440442.0,11888991.0,13363483,13098714.0,1699479.0,-1434710,UNSP
13438175.0,15177221.0,97653.0,55651808.0,24584551.0,60629209.0,116281017,48785716.0,10444622.0,57050679,UNTR
351667.0,4485405.0,498066.0,8325029.0,10627387.0,11197941.0,19522970,11134786.0,810051.0,7578133,UNVR
858487409278.0,45202754076.0,17891538448.0,1622298113795.0,,,1622298113795,474616715136.0,66668352842.0,1081013045817,URBN
4104064531.0,16372984976.0,76822117.0,28940213806.0,544030482.0,1874909142.0,30815122948,25784420682.0,1742907269.0,3287794997,VICO
2018400502.0,,,,1162886570.0,,262118630829,,,179728315478,VINS
32328658.0,418088146.0,1395909.0,3863718030.0,801699400.0,4160847783.0,8024565813,3382175325.0,2949969316.0,1692421172,VIVA
217976984486.0,763142713740.0,32784048000.0,1905388216804.0,432718446687.0,579994361206.0,2485382578010,1497401925999.0,65351029235.0,922629622776,VOKS
488259.0,,,,27406475.0,,1565490561,,,271129754,VRNA
1765908779931.0,665695055635.0,313611692717.0,5274574963081.0,86169463218.0,615724997481.0,5890299960562,2880215999563.0,873255505295.0,2136828455704,WEGE
4525022282.459123,7111920182.0,1432412598.0,22696768887.0,191002342947.0,308707361646.0,331404130533,56398943588.0,122082741775.0,152922445170,WEHA
163645969761.0,95605866428.0,,332931442674.0,48379981073.0,53176794246.0,386108236920,82000239837.0,26423708521.0,277684288562,WICO
87068080028.0,61016793283.0,,888979741744.0,319990859164.0,366594172814.0,1255573914558,150202377711.0,100134734182.0,1005236802665,WIIM
13973766477.0,2605300003.0,2745540433.0,43555495865.0,4675679014.0,15674505374.0,59230001239,28251951385.0,13762735289.0,17215314565,WIKA
4433263.0,13670715.0,9413241.0,34194049.0,219969763.0,240826226.0,275020275,55429201.0,48426129.0,171164945,WINS
1243576.0,,,,109629.0,,8827307,,,1171661,WOMF
64166199514.0,460193696037.0,,2326016811717.0,1932994555038.0,2262480595693.0,4588497407410,1834205245388.0,304252647270.0,2450039514752,WOOD
1299204217422.0,1017170875316.0,3237304848633.0,10236132156003.0,4726297844350.0,4986256433811.0,15222388589814,7327262600178.0,12812799172.0,7882313190464,WSBP
10845678217201.0,9318449716554.0,28134339221352.0,66989129822191.0,7091121159643.0,57402451801445.0,124391581623636,56799725099343.0,38704737773426.0,28887118750867,WSKT
865016441666.0,439644832427.0,773475283819.0,5870714397037.0,2947961042010.0,3011063902635.0,8881778299672,5248086459534.0,496879829933.0,3136812010205,WTON
11044162321.0,1246867477.0,,46345342780.0,38528529475.0,39450130536.0,85795473316,4961162567.0,302605023.0,80531705726,YELO
1341895047.0,104697138685.0,1895724520.0,189670901662.0,133239040745.0,141284367814.0,330955269476,184166194553.0,28638378456.0,118150696467,YPAS
315975341887.0,,,,425837536.0,,396216439908,,,364442818364,YULE
158691071.0,567296039.0,0.0,1080365641.0,3528054411.0,4144139316.0,5224504957,11405628210.0,1666136319.0,-7847259572,ZBRA
68577231871.0,1544816400.0,,430031716542.0,295509369625.0,887314895228.0,1317346611770,366342449195.0,362866085877.0,588138076698,ZINC
31435167969.0,33871308085.0,,298517634098.0,74446703872.0,99920350364.0,398437984462,144608972242.0,41562738615.0,212266273605,ZONE
