revenues,cost_of_goods_sold,gross_income,sales_expenses,sales_and_admin_expenses,pretax_income,tax_expenses,after_tax_income_operational,after_tax_income_nonoperational,after_tax_income,comprehensive_income,income_per_share,ticker_code
19084387.0,15544881.0,3539506.0,427554.0,786046.0,2207080.0,-686357.0,1520723,,1520723,1672016,747.4,AALI
212841846116.0,118882152766.0,93959693350.0,7566177324.0,124049656792.0,-41327659821.0,5155170502.0,-36172489319,,-36172489319,83219565057,-7.12,ABBA
,,,,400938093.0,50829464.0,18280929.0,69110393,,69110393,14893882,111.0,ABDA
773057131.0,598842999.0,174214132.0,10328550.0,54947758.0,93625688.0,-26398030.0,67227658,,67227658,68252897,0.023788106,ABMM
7239754268263.0,3796596070656.0,3443158197607.0,1683528748836.0,687209857885.0,1202709103365.0,-226435746768.0,976273356597,,976273356597,1044485235597,56.49,ACES
3725296.0,,,,,24226.0,-2807.0,21419,,21419,8101,26.0,ACST
804302.0,415212.0,389090.0,226946.0,78475.0,70060.0,-17102.0,52958,,52958,58903,90.0,ADES
15655499866493.0,13148896372495.0,2506603493998.0,33801207467.0,673871108990.0,1167776985023.0,-522747535918.0,645029449105,,645029449105,513257957916,180.9,ADHI
,,,0.0,1302366.0,2484569.0,-669306.0,1815263,,1815263,1987284,1815.0,ADMF
356636089.0,342042822.0,14593267.0,1504757.0,6978741.0,-1395757.0,824307.0,-571450,-733131.0,-1304581,3535093,-0.0003,ADMG
3619751.0,2409544.0,1210207.0,45559.0,148439.0,820998.0,-343457.0,477541,,477541,468611,0.01,ADRO
2073258.0,1133400.0,939858.0,300624.0,252623.0,147639.0,-33265.0,114374,,114374,118462,33.0,AGII
,,,,91898174.0,292509384.0,-88296761.0,204212623,,204212623,142660203,10.5,AGRO
,,,,54182.0,-29860.0,-1262.0,-31122,,-31122,-31351,-5.92,AGRS
,,,,79778053280.0,-26701087916.0,-24910000.0,-26725997916,,-26725997916,-24686105695,-9.09,AHAP
0.0,0.0,0.0,0.0,621329322.0,-637109576.0,,-637109576,,-637109576,-637109576,-2.9,AIMS
2387420036.0,2165024862.0,222395174.0,58364418.0,53570451.0,91686890.0,-27460619.0,64226271,,64226271,107221262,105.0,AKPI
23548144117.0,21993577867.0,1554566250.0,570157918.0,68959945.0,868080622.0,-204739828.0,663340794,933312027.0,1596652821,1613027778,178.85,AKRA
319106290160.0,,,,,35781546542.0,-9299207509.0,26482339033,,26482339033,26845098768,37.28,AKSI
789643654873.0,638294546423.0,151349108450.0,28705088036.0,49449372624.0,57208486144.0,-14702210621.0,42506275523,,42506275523,43047394294,44.09,ALDO
3592798235.0,3532801547.0,59996688.0,,32698467.0,22922823.0,20675.0,22943498,,22943498,21603100,45.21,ALKA
4422880456073.0,4211082034359.0,211798421714.0,43710827714.0,62792991852.0,13900879443.0,-7356244381.0,6544635062,,6544635062,-51669856459,10.62,ALMI
290274839317.0,261497951567.0,28776887750.0,24169544768.0,27547841915.0,-45675193213.0,12653972351.0,-33021220862,,-33021220862,-32158111155,-15.01,ALTO
,,,,242653981.0,54333348.0,-26086433.0,28246915,,28246915,-27704420,5.65,AMAG
4443262.0,3785958.0,657304.0,433422.0,66533.0,11184.0,-4588.0,6596,,6596,60809,15.0,AMFG
264872722193.0,179492420933.0,85380301260.0,5260786916.0,17616026747.0,44656540624.0,-12304381370.0,32352159254,,32352159254,33725292444,29.96,AMIN
66817305.0,53594853.0,13222452.0,11235729.0,1336507.0,867131.0,-198705.0,668426,,668426,1010579,15.66,AMRT
300278949718.0,236131228703.0,64147721015.0,,19797458176.0,23808902654.0,-6609881939.0,17199020715,,17199020715,18420126557,11.02,ANDI
151701360.0,110786077.0,40915283.0,11635291.0,24206488.0,6638718.0,-7130330.0,-491612,,-491612,-7131152,-9.300000000000001e-05,ANJT
25241268367.0,21764832184.0,3476436183.0,531717863.0,1091989469.0,1265501806.0,-391075213.0,874426593,,874426593,1296604580,36.39,ANTM
91610151.0,98880829.0,-7270678.0,,14520707.0,-109852174.0,6048239.0,-103803935,0.0,-103803935,-103272082,-0.039,APEX
473564916412.0,,,,,78692070821.0,-8292348150.0,70399722671,,70399722671,72118384641,5.74,APIC
216508943536.0,83550991275.0,132957952261.0,37827446661.0,37195895951.0,40653039839.0,-66786686.0,40586253153,-10184191952.0,30402061201,28150001596,28.0,APII
438050805734.0,379484749437.0,58566056297.0,27512029983.0,44764129297.0,-19799477242.0,-3697194134.0,-23496671376,,-23496671376,-22999120591,-17.21,APLI
5035325429.0,2616667124.0,2418658305.0,262405074.0,1015453907.0,376673794.0,-182943502.0,193730292,0.0,193730292,248210474,1.53,APLN
623405171140.0,,,,,-237908107120.0,-11723287872.0,-249631394992,-497543363.0,-250128938355,-421889903109,-29.0,APOL
31006096.0,33819240.0,-2813144.0,1407087.0,2041532.0,-9079650.0,893017.0,-8186633,,-8186633,-7778459,-0.02,ARGO
38161.0,36111.0,2050.0,,9319.0,-28767.0,509.0,-28258,,-28258,-28431,-0.00944,ARII
191218025517.0,122277217466.0,68940808051.0,1670810447.0,13375585361.0,61390633691.0,-4780450638.0,56610183053,0.0,56610183053,56058696913,7.6,ARMY
1971478070171.0,1499579696351.0,471898373820.0,192785485679.0,60385299552.0,211729940176.0,-53522141574.0,158207798602,,158207798602,158891252212,21.33,ARNA
87440977373.0,27307815715.0,60133161658.0,482064695.0,56257402581.0,10437768583.0,-2939275880.0,7498492703,,7498492703,13375126257,14.0,ARTA
,,,,17181622212.0,-18352112530.0,-4936316261.0,-23288428791,,-23288428791,-23491080397,-19.31,ARTO
,,,,96668431.0,15214756.0,-1278237.0,13936519,,13936519,11965060,40.0,ASBI
,,,,121973994.0,46774989.0,-8716139.0,38058850,,38058850,40818640,198.0,ASDM
4069975.0,3227107.0,842868.0,200197.0,276330.0,361128.0,-90724.0,270404,,270404,272298,200.45,ASGR
239205.0,188436.0,50769.0,10090.0,13811.0,34995.0,-7623.0,27372,,27372,28839,535.0,ASII
,,,,67715518555.0,29615770368.0,-4595443192.0,25020327176,,25020327176,20084095926,41.7,ASJT
,,,,76025853817.0,72568168863.0,-2667763526.0,69900405337,,69900405337,64625986348,9.01,ASMI
3975258160.0,1531274814.0,2443983346.0,138813367.0,327224054.0,1035272928.0,-64686328.0,970586600,,970586600,978665528,49.37,ASRI
,,,,264289413754.0,88198904566.0,-11606411205.0,76592493361,,76592493361,70945360128,357.0,ASRM
1862945638339.0,1264245086837.0,598700551502.0,9315198918.0,247702302265.0,182337295412.0,-40094884477.0,142242410935,,142242410935,140169267685,42.24,ASSA
5433508833578.0,4606212579586.0,827296253992.0,21745987612.0,556286811433.0,115368993610.0,-46709270561.0,68659723049,,68659723049,71354752574,5.53,ATIC
41979199.0,110617688.0,-68638489.0,,54048443.0,-135062520.0,1951966.0,-133110554,,-133110554,-139429925,-24.21,ATPK
15356381.0,13483532.0,1872849.0,736449.0,772377.0,861563.0,-180762.0,680801,,680801,747442,127.0,AUTO
,,,,237197.0,79400.0,-22379.0,57021,,57021,43084,2.66,BABP
,,,,117278.0,142073.0,-35573.0,106500,,106500,73514,15.09,BACA
1279809883694.0,1289502735209.0,-9692851515.0,3820692381.0,12379061279.0,-90434239905.0,-6261541668.0,-96695781573,,-96695781573,-95494861660,-53.72,BAJA
464175762884.0,192251488101.0,271924274783.0,,55900939513.0,63596201177.0,-13243025913.0,50353175264,,50353175264,553640634913,13.84,BALI
28451499193.0,12781247177.0,15670252016.0,1262072158.0,8457564272.0,4950263483.0,,4950263483,,4950263483,7741759914,11.7,BAPA
992696071.0,516928103.0,475767968.0,270485988.0,115826057.0,92878105.0,-24933238.0,67944867,,67944867,76036631,52.27,BATA
2089223989339.0,1945627399450.0,143596589889.0,6899287726.0,98927045460.0,50997511760.0,-11348648733.0,39648863027,,39648863027,42386023447,112.84,BAYU
,,,,13026592.0,32706064.0,-6854404.0,25851660,,25851660,26762035,1049.0,BBCA
,,,,43466188386.0,-120795276717.0,-2348031013.0,-123143307730,,-123143307730,-121879058837,-30.140838744368626,BBHI
,,,,1160832.0,216335.0,-26365.0,189970,,189970,378936,16.0,BBKP
,,,11370.0,49766.0,76912.0,-19341.0,57571,,57571,73848,34.98,BBLD
,,,0.0,111976719358.0,355549291067.0,-89686726342.0,265862564725,0.0,265862564725,65390506841,65.001643883197,BBMD
,,,1290553.0,15353524.0,19820715.0,-4728952.0,15091763,,15091763,14236252,805.0,BBNI
20701319.0,21817968.0,-1116649.0,1708778.0,,-7811727.0,-243018.0,-8054745,,-8054745,-7966740,-0.001984,BBRM
,,,,4648790.0,3610275.0,-802352.0,2807923,,2807923,2782507,265.0,BBTN
,,,8818286340.0,165015992492.0,-138324960848.0,1336509919.0,-136988450929,,-136988450929,-136654984608,-27.23,BBYB
2661759.0,,2661759.0,,1122750.0,180489.0,-26612.0,153877,,153877,103545,3.13,BCAP
,,,,326093.0,-403581.0,2480.0,-401101,,-401101,-550796,-0.0004,BCIC
,,,,2715040.0,4925686.0,-1354328.0,3571358,535710.0,4107068,4126533,357.59,BDMN
895932528293.0,,,,,41599884756.0,-10769134130.0,30830750626,,30830750626,31357947345,197175.0,BEEF
,,,,175606.0,-131076.0,30945.0,-100131,,-100131,-94960,-158.0,BEKS
561373657827.0,412792116221.0,148581541606.0,48252390094.0,54258419695.0,30583858545.0,-6561075820.0,24022782725,,24022782725,24143812178,60.627775056483024,BELL
962801481480.0,271640106964.0,691161374516.0,6404971806.0,114957599787.0,447432940624.0,-24895991937.0,422536948687,,422536948687,420291318452,43.81,BEST
,,,,482422.0,1840099.0,-372305.0,1467794,,1467794,1538957,98.0,BFIN
,,,,49327.0,7413.0,-1813.0,5600,,5600,7839,0.5,BGTG
14725851.0,7561955.0,7163896.0,,3400465.0,1522284.0,-577089.0,945195,,945195,994169,1.78,BHIT
407818436673.0,206345992268.0,201472444405.0,24192369878.0,188365505810.0,-45489350270.0,-193245339.0,-45682595609,,-45682595609,-42478162682,-45.76,BIKA
146138557283.0,81568040718.0,64570516565.0,32840701143.0,14969211311.0,3179255211.0,-829399250.0,2349855961,,2349855961,3789729800,6.0,BIMA
,,,,101277.0,16935.0,-5540.0,11395,,11395,3868,2.02,BINA
27160117.0,,,,,25999772.0,-4111703.0,21888069,,21888069,21753889,0.0004668669803215869,BIPI
130613332148.0,84147130173.0,46466201975.0,31018633369.0,38954339406.0,-71359793883.0,-7843275387.0,-79203069270,,-79203069270,-82528200954,-9.27,BIPP
4218702.0,3039153.0,1179549.0,56974.0,564326.0,606175.0,-145902.0,460273,,460273,462544,183.0,BIRD
2265615.0,1406725.0,858890.0,245694.0,132603.0,505499.0,-101629.0,403870,,403870,409839,135.0,BISI
,,,,2276047.0,1937044.0,-384648.0,1552396,,1552396,1781173,157.3,BJBR
,,,,706474.0,1753698.0,-493390.0,1260308,,1260308,1260308,84.15,BJTM
36070319372.0,38809808886.0,-2739489514.0,2657063625.37,25574570413.0,-32311214741.0,-4342924923.0,-36654139664,,-36654139664,-36304502245,-5.37,BKDP
1316805554419.0,607190219311.0,709615335108.0,47580411977.0,309355721388.0,368537710838.0,53605611.0,368591316449,,368591316449,376063389204,6.08,BKSL
,,,,587383.0,25712.0,-11144.0,14568,,14568,28253,0.88,BKSW
24934905.0,21452194.0,3482711.0,,4156624.0,5625559.0,-199752.0,5425807,,5425807,-3872611,0.0002,BLTA
1184323064.0,662430664.0,521892400.0,4294288.0,431105891.0,51274900.0,-16045811.0,35229089,,35229089,37063623,40.0,BLTZ
,,,,63852763.0,95214310.0,-24200444.0,71013866,,71013866,74130899,15.98,BMAS
,,,,29293448.0,33943369.0,-8091432.0,25851937,0.0,25851937,24535188,536.04,BMRI
3233006982684.0,3057566080865.0,175440901819.0,113359692348.0,9051934569.0,6227364095.0,-670401340.0,5556962755,,5556962755,4473739847,4.79,BMSR
11695216.0,6047931.0,5647285.0,,2416363.0,1782744.0,-431264.0,1351480,,1351480,1354999,59.705509292018775,BMTR
3340451.0,2664887.0,675564.0,107784.0,483633.0,-1210685.0,-39528.0,-1250213,,-1250213,-1323663,-661.05,BNBR
,,,,3708500.0,4850818.0,-1368390.0,3482428,,3482428,3202980,139.67,BNGA
,,,0.0,2788104.0,3035577.0,-773332.0,2262245,0.0,2262245,2701100,30.0,BNII
,,,181236.0,974922.0,1219227.0,-317975.0,901252,0.0,901252,941322,32.0,BNLI
692194495232.0,645666837292.0,46527657940.0,3159682294.0,22388459948.0,18985636053.0,-7304354911.0,11681281142,,11681281142,11858121095,3.071396408465266,BOGA
1187195058022.0,947281865541.0,239913192481.0,9045483106.0,97714393362.0,102840767511.0,-27102667897.0,75738099614,,75738099614,92358780614,32.05,BOLT
272403703821.0,156070745635.0,116332958186.0,31935520451.0,39674840627.0,31197718894.0,-8896313250.0,22301405644,,22301405644,22432609644,16.47,BOSS
,,,16347267119.0,76319217085.0,87244894085.0,-19225045841.0,68019848244,0.0,68019848244,51196699950,39.24,BPFI
296624343700.0,,296624343700.0,121101726259.0,82160446929.0,123523705212.0,-25389167988.0,98134537224,,98134537224,93238879427,171.56,BPII
132167476386.0,70760051816.0,61407424570.0,,16025054347.0,19264217360.0,-4832882172.0,14431335188,,14431335188,17452125701,11.19,BPTR
264440260.0,223332698.0,41107562.0,7151962.0,6396305.0,27097002.0,-7719952.0,19377050,,19377050,25538565,0.3777,BRAM
,,,,440196.0,151514.0,-44914.0,106600,,106600,107114,12.81,BRIS
1182000.0,6029666.0,-4847666.0,,,-103414711.0,-26082.0,-103440793,,-103440793,-102603712,-1.66,BRMS
1319344703.0,1234896910.0,84447793.0,39278885.0,79606932.0,-21224294.0,-2438112.0,-23662406,,-23662406,274015486,-34.0,BRNA
3075561.0,2270124.0,805437.0,40472.0,102764.0,455809.0,-197643.0,258166,-16100.0,242066,252671,0.006,BRPT
6628782185008.0,1874274191288.0,4754507993720.0,1014991016488.0,1301675569437.0,1760420645427.0,-58602950500.0,1701817694927,,1701817694927,1443967362364,67.43,BSDE
,,,,573999.0,75863.0,-25391.0,50472,,50472,12236,3.28,BSIM
443432403.0,286014873.0,157417530.0,57297506.0,7598629.0,93354875.0,-24291684.0,69063191,,69063191,69388879,0.0264,BSSR
,,,,67327761839.0,10620184124.0,-740525809.0,9879658315,,9879658315,9360809985,7.0,BSWD
890045953988.0,809143951385.0,80902002603.0,,41678254600.0,77718131618.0,-1716400752.0,76001730866,,76001730866,114287091118,1.64,BTEK
8526.0,,,,,-727979.0,7404.0,-720575,,-720575,-1263880,-19.59,BTEL
117489192060.0,85707312659.0,31781879401.0,247932679.0,8279378019.0,34236874970.0,-6424162809.0,27812712161,,27812712161,28516296605,38.63,BTON
,,,,2069896.0,3049248.0,-791364.0,2257884,,2257884,2496164,342.0,BTPN
,,,,1303833.0,1299019.0,-333708.0,965311,,965311,1003747,130.0,BTPS
2647193.0,2297120.0,350073.0,64164.0,91978.0,71781.0,-21314.0,50467,,50467,49780,10.68,BUDI
4681432531.0,3868380593.0,813051938.0,11634120.0,136906616.0,656392167.0,-94956904.0,561435263,,561435263,573010381,217.0,BUKK
85432450.0,51848136.0,33584314.0,,6964549.0,14874865.0,-14628.0,14860237,,14860237,14806312,0.0022,BULL
1111820412.0,965315479.0,146504933.0,73801970.0,34065061.0,166829576.0,-8611227.0,158218349,0.0,158218349,158777315,3.37,BUMI
488803600222.0,193678898238.0,295124701984.0,50177736031.0,226757365232.0,22016316254.0,-8161574924.0,13854741330,,13854741330,252125950545,3.0,BUVA
,,,,371508060.0,93359916.0,-14277995.0,79081921,,79081921,-40320391,9.12,BVIC
3083389.0,2449837.0,633552.0,163483.0,289696.0,-553955.0,91398.0,-462557,,-462557,-459019,-14.27,BWPT
1676717292.0,829789958.0,846927334.0,125992720.0,26115914.0,696732272.0,-172422999.0,524309273,,524309273,495846387,0.15,BYAN
274477488108.0,235218888541.0,39258599567.0,636438510.0,15615503910.0,17756980001.0,-4454589401.0,13302390600,,13302390600,28218609881,12.76,CAKK
961136629003.0,380496768468.0,580639860535.0,168783724646.0,314989581543.0,84038783563.0,-22091487874.0,61947295689,,61947295689,65166017439,10.53,CAMP
8267715937524.0,7038396403233.0,1229319534291.0,261734086349.0,592758722672.0,352146229659.0,-89879922925.0,262266306734,,262266306734,273565785518,158.0,CARS
2200342255.0,1788893775.0,411448480.0,,,298058600.0,-101425864.0,196632736,0.0,196632736,219534769,12.0,CASS
3629327583572.0,3354976550553.0,274351033019.0,77735839903.0,62839760948.0,123394812359.0,-30745155584.0,92649656775,,92649656775,100378388775,156.0,CEKA
801161.0,398416.0,402745.0,3292.0,188462.0,21571.0,14066.0,35637,,35637,70309,1.14,CENT
,,,,150161056.0,412306249.0,-107168663.0,305137586,,305137586,317594433,76.58,CFIN
370390736433.0,256947701878.0,113443034555.0,33706922995.0,58584770961.0,22090078956.0,-8535926795.0,13554152161,,13554152161,16605424232,12.81,CINT
2002672812898.0,1079034396494.0,923638416404.0,543446758316.0,60991141352.0,724987180923.0,-63663122428.0,661324058495,,661324058495,585200543669,196.0,CITA
213260534095.0,81113786339.0,132146747756.0,14492385342.0,33043653216.0,88652021848.0,-495143000.0,88156878848,,88156878848,88295451325,16.33,CITY
193640184708.0,107139484090.0,86500700618.0,,82264868936.0,-24326156007.0,5325805128.0,-19000350879,,-19000350879,-17549707151,-13.66,CLAY
831104026853.0,562460279774.0,268643747079.0,104897672129.0,55703946078.0,81834159473.0,-18572406999.0,63261752474,,63261752474,63508941729,6.0,CLEO
780611848800.0,697501621569.0,83110227231.0,10936446288.0,36618423328.0,32364663354.0,-825829674.0,31538833680,0.0,31538833680,33755177579,102.95,CLPI
3821122529642.0,2625878025549.0,1195244504093.0,,290812045433.0,887835891088.0,-157252115254.0,730583775834,,730583775834,731650104720,209.0,CMNP
4232768047707.0,,4232768047707.0,,5219820815719.0,-1067069354297.0,160044520589.0,-907024833708,,-907024833708,-849408654660,-85.0,CMPP
2555488486.0,2365140362.0,190348124.0,43195781.0,586904660.0,-1207331049.0,-32590081.0,-1239921130,,-1239921130,-1238172752,-93.9,CNKO
41276720.0,35911850.0,5364870.0,1928881.0,2254512.0,319135.0,-524569.0,-205434,,-205434,-57743,-0.01,CNTX
157581399731.0,133757529933.0,23823869798.0,3937377730.0,5148986061.0,4195216992.0,-1104260720.0,3090956272,,3090956272,3109536772,187.0,COCO
418168913163.0,143618080004.0,274550833159.0,11448317626.0,149791193822.0,-191128401230.0,-33405026229.0,-224533427459,,-224533427459,-209534100984,-46.0,COWL
53957604.0,44822755.0,9134849.0,1184085.0,1556530.0,5907351.0,-1355866.0,4551485,,4551485,4599333,278.0,CPIN
2248892320.0,1471025308.0,777867012.0,,46464182341.0,-45592234869.0,-292103381.0,-45884338250,,-45884338250,-45839452919,-4585422.0,CPRI
7390580.0,6155948.0,1234632.0,362806.0,465441.0,1831870.0,-109166.0,1722704,,1722704,1768138,34.0,CPRO
10485450233.0,8947262943.0,1538187290.0,1029212147.0,388302765.0,131939083.0,-42329390.0,89609693,,89609693,108610329,18.0,CSAP
31315447390.0,26304791965.0,5010655425.0,7997494091.0,23316783030.0,-34349341905.0,2171424493.0,-32177917412,,-32177917412,-31923150662,-22.72,CSIS
85593299.0,72854302.0,12738997.0,1903179.0,13828983.0,-7453372.0,1658618.0,-5794754,,-5794754,-6563486,-0.0072,CTBN
7670405.0,4042138.0,3628267.0,372585.0,1210546.0,1655086.0,-352384.0,1302702,,1302702,1326395,64.0,CTRA
281313199366.0,181853294724.0,99459904642.0,44867504050.0,21587020467.0,9340812634.0,-4135779715.0,5205032919,,5205032919,6201550974,4.23,CTTH
379418062.0,174920006.0,204498056.0,10088870.0,108230015.0,36790972.0,-23669951.0,13121021,,13121021,16448459,4.0,DART
547324968.0,303643196.0,243681772.0,241854425.0,,2448671.0,2750574.0,5199245,,5199245,6305825,2.15,DAYA
236184959298.0,197520078346.0,38664880952.0,5263281142.0,20436630182.0,4823522944.0,-1907799673.0,2915723271,,2915723271,3698193793,11.96,DEAL
,,,,1351162174.0,1743391818.0,-92706719.0,1650685099,,1650685099,-6981675679,-10.33,DEFI
276097099.0,252285530.0,23811569.0,,13839998.0,6812382.0,-4247046.0,2565336,,2565336,3251602,0.12,DEWA
147069197544.0,62958294695.0,84110902849.0,4871951911.0,54195542465.0,3553052106.0,-2901062080.0,651990026,,651990026,1612780360,0.12,DFAM
1023990543809.0,948377035345.0,75613508464.0,,164202408642.0,-143220763118.0,-3088132750.0,-146308895868,,-146308895868,-122010292135,-26.5,DGIK
27802491998.0,13600426603.0,14202065395.0,,13354069044.0,139089471.0,-28739211.0,110350260,,110350260,609113072,0.63,DIGI
2552536173132.0,1546599343715.0,1005936829417.0,140318905217.0,446907050427.0,182242940826.0,11863718514.0,194106659340,,194106659340,212504509510,20.0,DILD
1487298121359.0,1424377672911.0,62920448448.0,6174842960.0,33586835397.0,16559257292.0,-4216713820.0,12342543472,,12342543472,12771986497,50.96,DIVA
518585515663.0,475880145938.0,42705369725.0,17401635712.0,65532603325.0,-120917184783.0,27370107634.0,-93547077149,,-93547077149,-92613917846,-9.73,DKFT
893006350.0,241721111.0,651285239.0,175692185.0,79000788.0,441248118.0,-103118133.0,338129985,,338129985,347689774,422.0,DLTA
1036229521794.0,455409447543.0,580820074251.0,22002264173.0,117154977853.0,514376079188.0,-18011108750.0,496364970438,,496364970438,496324615703,10.3,DMAS
,,,,37441383626.0,19225959623.0,584103762.0,19810063385,,19810063385,15972467651,8.8,DNAR
129788816784.0,,129788816784.0,122225742803.0,104784115342.0,286072851383.0,-3204725332.0,282868126051,,282868126051,448000696715,20.4,DNET
892458605.0,676821322.0,215637283.0,,51728481.0,107902359.0,-32259059.0,75643300,,75643300,80949248,0.00882946074404178,DOID
143382081850.0,114505560002.0,28876521848.0,6372862822.0,18049414708.0,12347569714.0,-2967432362.0,9380137352,,9380137352,10866601490,31.46,DPNS
962188544595.0,839913080031.0,122275464564.0,,34265287471.0,11721043714.0,-3234277603.0,8486766111,,8486766111,10081254157,2.03,DPUM
652519543510.0,576505010824.0,76014532686.0,32937736729.0,19033883529.0,11472124244.0,-2829533184.0,8642591060,,8642591060,21085392042,4.65,DSFI
4761805.0,3218587.0,1543218.0,272857.0,346843.0,611264.0,-178847.0,432417,-5172.0,427245,449489,40.16,DSNG
1768840742.0,1140105532.0,628735210.0,179455430.0,119288864.0,194314521.0,-73569474.0,120745047,,120745047,77085365,0.12,DSSA
617769716781.0,163756314566.0,454013402215.0,276844290077.0,36539061817.0,164219199210.0,-47133050575.0,117086148635,,117086148635,117384137135,156.0,DUCK
2225704530841.0,451850024775.0,1773854506066.0,358617411105.0,441884559724.0,1133182587932.0,-6525357822.0,1126657230110,,1126657230110,1137475180472,492.7,DUTI
1699657296.0,774247594.0,925409702.0,533559771.0,143901017.0,272843904.0,-72191936.0,200651968,,200651968,203324139,180.0,DVLA
1439575135.0,1340607205.0,98967930.0,7528341.0,68022249.0,1151247.0,-32417295.0,-31266048,,-31266048,-30251431,-3.58,DWGL
1035508850963.0,694804974807.0,340703876156.0,9203174446.0,230796709460.0,101606296735.0,-21291250271.0,80315046464,,80315046464,81039184728,18.0,DYAN
2003208506432.0,1718258856692.0,284949649740.0,,311685274501.0,,,21825792298,,21825792298,20232261511,17.0,ECII
739578860399.0,536822941320.0,202755919079.0,66925744636.0,37298328715.0,101455415901.0,-27410228138.0,74045187763,0.0,74045187763,74342725782,103.54587095130763,EKAD
6624774.0,5972680.0,652094.0,2579.0,268740.0,376818.0,-100502.0,276316,,276316,288075,37.86,ELSA
227645690310.0,125717387744.0,101928302566.0,17202361567.0,94142352786.0,16095009620.0,,16095009620,,16095009620,17660985215,5.23,EMDE
8959710884.0,6125120967.0,2834589917.0,496501244.0,2446991687.0,-1937720507.0,-367816229.0,-2305536736,,-2305536736,-2170443556,-464.84,EMTK
273462779.0,197661859.0,75800920.0,,10514445.0,13190187.0,-21813085.0,-8622898,,-8622898,-8865621,-0.0029100000000000003,ENRG
20604487293751.0,18207487072775.0,2397000220976.0,1362204479737.0,206695260349.0,868232230796.0,-214981344740.0,653250886056,0.0,653250886056,670653660201,241.0,EPMT
34744177481.0,31574695864.0,3169481617.0,1080320007.0,771635051.0,1203140844.0,-313800061.0,889340783,,889340783,911458318,274.0,ERAA
75869418.0,69452702.0,6416716.0,1741618.0,2390886.0,1272093.0,-212349.0,1059744,,1059744,1137808,0.0008,ERTX
148041610.0,84946798.0,63094812.0,100281.0,13905791.0,24423352.0,27689770.0,52113122,,52113122,53309370,0.0034,ESSA
35984816.0,32784541.0,3200275.0,1081331.0,1795485.0,1341990.0,71122.0,1413112,,1413112,1413112,0.0007,ESTI
23910705666.0,36269375389.0,-12358669723.0,106138325.0,14188927664.0,-129380824561.0,-9146756630.0,-138527581191,,-138527581191,-137524138341,-142.68,ETWA
22938812.0,,,,,-4396280.0,1099390.0,-3296890,0.0,-3296890,-3280113,-308.0,EXCL
6017492356.0,2277401709.0,3740090647.0,2865174513.0,646201957.0,279090590.0,-67079434.0,212011156,0.0,212011156,296801295,106.0,FAST
9938310691326.0,6919557020399.0,3018753670927.0,281725953612.0,182239191953.0,1988090191158.0,-582722420085.0,1405367771073,,1405367771073,1401437708670,567.16,FASW
293928098413.0,72460718418.0,221467379995.0,91945153132.0,,137021475498.0,-27732493045.0,109288982453,-239927531.0,109049054922,108661897422,14090.0,FILM
,,,0.0,33714329901.0,5477841209.0,-1470329898.0,4007511311,0.0,4007511311,4085335599,3.0,FINN
783590762184.0,657311889601.0,126278872583.0,73682610249.0,29729832368.0,1152998905.0,-4093782538.0,-2940783633,0.0,-2940783633,-2722350383,-2.24,FIRE
1022214489.0,977285885.0,44928604.0,8468023.0,15474857.0,16244161.0,-4301144.0,11943017,,11943017,9903731,0.026000000000000002,FISH
43232.0,13481.0,29751.0,889.0,10842.0,7191.0,-1283.0,5908,,5908,6747,2.17,FMII
122056432243.0,75626193894.0,46430238349.0,23690490610.0,17777023012.0,2569278213.0,-1388872379.0,1180405834,,1180405834,914914143,3.27,FOOD
155992601627.0,125538798472.0,30453803155.0,39997180079.0,,-6907025828.0,-762474049.0,-7669499877,,-7669499877,-7747131627,-16.0,FORU
73416959369.0,50052447142.0,23364512227.0,803067417.0,20266683682.0,3025718273.0,-756204890.0,2269513383,,2269513383,2360528383,1196.0,FORZ
433868.0,415763.0,18105.0,4837.0,4316.0,8562.0,-2437.0,6125,,6125,6633,0.0011,FPNI
5490311128559.0,,5490311128559.0,648487185301.0,7330018167414.0,-3285837448621.0,-266996558619.0,-3552834007240,,-3552834007240,-3532729249240,-16.39932933844363,FREN
77542232036.0,45109601927.0,32432630109.0,2094324010.0,21049760799.0,1649822157.0,-86046150.0,1563776007,,1563776007,1527444744,0.1219847057627587,GAMA
1556287984166.0,1555731948764.0,556035402.0,37586111310.0,67273232893.0,-126466776202.0,38667918493.0,-87798857709,,-87798857709,-86838297236,-11.34,GDST
159928209.0,145814787.0,14113422.0,6630803.0,6995660.0,1028150.0,-522844.0,505306,,505306,810675,0.001,GDYR
1176679314139.0,947170542507.0,229508771632.0,71543613482.0,83320967011.0,51517238764.0,-29898726061.0,21618512703,,21618512703,28274731191,13.51,GEMA
1045058516.0,685079630.0,359978886.0,150606914.0,66260235.0,135530697.0,-34982119.0,100548578,,100548578,100487582,0.01679,GEMS
95707663.0,77063336.0,18644327.0,4644965.0,2906092.0,10479242.0,-2686174.0,7793068,,7793068,7968008,4050.0,GGRM
108699906.0,23419229.0,85280677.0,,11392100.0,61356790.0,-11933488.0,49423302,,49423302,69735553,0.1,GHON
4373177070.0,4033539610.0,339637460.0,324376515.0,221343549.0,-221052484.0,46024223.0,-175028261,,-175028261,-206256552,-0.006923925406022139,GIAA
15349939.0,12896103.0,2453836.0,882385.0,627380.0,-85585.0,11028.0,-74557,,-74557,186364,-21.4,GJTL
514434171115.0,479607062647.0,34827108468.0,24087854625.0,12622132656.0,-21050797268.0,-334377149.0,-21385174417,,-21385174417,-21280240845,-19.0,GLOB
470019786.0,,,,,41631781.0,-11086922.0,30544859,,30544859,33559682,0.0010818653924787216,GMFI
245037918437.0,128998670915.0,116039247522.0,13932796776.0,29928776357.0,62042118980.0,-598906539.0,61443212441,,61443212441,61858876552,605.13,GMTD
34614253351.0,12489497301.0,22124756050.0,,14412225935.0,-7159701363.0,-922257726.0,-8081959089,,-8081959089,-27699526306,-25.69,GOLD
8048946664266.0,5495794976776.0,2553151687490.0,1361526966344.0,574981396400.0,582506906329.0,-157025309219.0,425481597110,,425481597110,440977350568,56.78,GOOD
435573970378.0,210825888958.0,224748081420.0,30838861241.0,114931924787.0,51623011989.0,-1197812073.0,50425199916,,50425199916,52978544959,8.67,GPRA
1151056114.0,,1151056114.0,598585533.0,459789075.0,100770635.0,-30493051.0,70277584,,70277584,81357546,7.88,GSMF
134413002080.0,87714970807.0,46698031273.0,4945504284.0,101334468515.0,212814731605.0,-2244292428.0,210570439177,,210570439177,214092032349,27.21,GWSA
565455.0,689128.0,-123673.0,18523.0,59627.0,-420261.0,66984.0,-353277,,-353277,-447981,-58.0,GZCO
3440200800.0,2891193714.0,549007086.0,,1829138387.0,3717263736.0,-9438717.0,3707825019,,3707825019,4813081645,1.8,HADE
,,,3209654.0,134588805.0,-344317388.0,62533214.0,-281784174,0.0,-281784174,-292565818,-121.0,HDFA
528163920.0,679967876.0,-151803956.0,852.0,117501053.0,-355511627.0,125522742.0,-229988885,,-229988885,-224771874,-0.02,HDTX
3058091.0,1704483.0,1353608.0,,1003588.0,275538.0,-84514.0,191024,,191024,163261,44.31,HEAL
12970389.0,9275890.0,3694499.0,3844363.0,,-1252995.0,2806.0,-1250189,,-1250189,-1257255,-299.0,HERO
461333111.0,364810934.0,96522177.0,28314962.0,15621674.0,50181143.0,-12580966.0,37600177,,37600177,37025417,0.045,HEXA
81808444.0,52387139.0,29421305.0,223866.0,10103722.0,14068916.0,-1527114.0,12541802,,12541802,12169931,0.0017699999999999999,HITS
864983016390.0,671297137735.0,193685878655.0,,31276432276.0,89310721715.0,-20117493837.0,69193227878,,69193227878,90011919842,27.51,HKMU
106741891.0,81251100.0,25490791.0,6296611.0,2312252.0,17961269.0,-4422851.0,13538418,,13538418,13629251,116.0,HMSP
1430785280985.0,1228387538365.0,202397742620.0,35260004286.0,38291659282.0,120822298064.0,-30627161799.0,90195136265,,90195136265,92570914640,38.0,HOKI
39067266092.0,41400379136.0,-2333113044.0,505608386.0,16741131166.0,-24418529471.0,-1755048930.0,-26173578401,,-26173578401,-26173578401,-11.49,HOME
124080164208.0,54507260740.0,69572903468.0,,61156507607.0,-11735188628.0,580356724.0,-11154831904,,-11154831904,-9958295214,-3.12,HOTL
2745593297236.0,2487493630022.0,258099667214.0,17019913811.0,33875190703.0,165784070062.0,-42390206624.0,123393863438,0.0,123393863438,123814326619,26.8,HRTA
336707790.0,235228423.0,101479367.0,21590121.0,28849627.0,48191469.0,-7986047.0,40205422,,40205422,41715064,0.01239,HRUM
20279948.0,16274396.0,4005552.0,,5996077.0,-9328581.0,2081129.0,-7247452,,-7247452,-5703210,-0.0007,IATA
,,,,51923660317.0,-179219824637.0,13146063011.0,-166073761626,,-166073761626,-165092396078,-72.82,IBFN
897612636308.0,406766397197.0,490846239111.0,,153007062236.0,154670792818.0,-8663961632.0,146006831186,,146006831186,916756989201,108.0,IBST
38413407.0,26147857.0,12265550.0,4429860.0,2063933.0,6446785.0,-1788004.0,4658781,0.0,4658781,5206867,392.0,ICBP
198362254905.0,,,,,35426069491.0,-4589986802.0,30836082689,,30836082689,31334328896,19.01,ICON
920077220040.0,731159338612.0,188917881428.0,447930440.0,147595259482.0,34507778044.0,-3327462487.0,31180315557,,31180315557,40502239925,15.0,IDPR
777316506801.0,676188716685.0,101127790116.0,17143484125.0,32159331508.0,61747960127.0,-17075521722.0,44672438405,,44672438405,45825707894,34.77,IGAR
17802375343.0,25735256911.0,-7932881568.0,978419526.0,7491557236.0,-16876169829.0,1802087852.0,-15074081977,,-15074081977,-15074081977,-4.33,IIKP
11276672.0,5532938.0,5743734.0,2525269.0,35070760.0,70055565.0,1228781.0,71284346,,71284346,71345335,8.38,IKAI
198347941.0,186987183.0,11360758.0,5750468.0,2763613.0,2828979.0,-739842.0,2089137,,2089137,2617393,0.002,IKBI
17544709521983.0,14117080050134.0,3427629471849.0,1270544280347.0,1560651829543.0,281366914586.0,-182592294246.0,98774620340,,98774620340,899142385580,8.41,IMAS
3383551835170.0,1919962433215.0,1463589401955.0,230577269882.0,986184237378.0,223171927927.0,-60587532023.0,162584395904,,162584395904,201263076998,31.61,IMJS
1395298815177.0,978652263708.0,416646551469.0,111132069990.0,147420983830.0,117459959119.0,-11936029955.0,105523929164,,105523929164,121885045875,17.88,IMPC
1592979941258.0,1308760117807.0,284219823451.0,155526926746.0,121882943075.0,-25298215466.0,-7438266847.0,-32736482313,,-32736482313,-29763037846,-10.56,INAF
1130297518656.0,947040583629.0,183256935027.0,16473801198.0,75930546033.0,64757097094.0,-24293955742.0,40463141352,,40463141352,45487260497,63.86,INAI
735093525919.0,663625384823.0,71468141096.0,8631338567.0,26094065440.0,6508601487.0,-2038431234.0,4470170253,0.0,4470170253,7082302701,2.655009107822216,INCF
367961600950.0,300962145338.0,66999455612.0,18354213134.0,29113167416.0,22040417272.0,-5364743569.0,16675673703,,16675673703,52671480479,85.0,INCI
776900.0,672899.0,104001.0,11578.0,,82617.0,-22105.0,60512,0.0,60512,64360,0.0061,INCO
73394728.0,53182723.0,20212005.0,7817444.0,4466279.0,7446966.0,-2485115.0,4961851,,4961851,6350788,474.0,INDF
839454360.0,748987313.0,90467047.0,28404008.0,14066715.0,71343143.0,-8975800.0,62367343,,62367343,63152216,0.0944,INDR
2400062227790.0,2037197167462.0,362865060328.0,129404706403.0,111889692784.0,147982768771.0,-37295885405.0,110686883366,,110686883366,115037888323,169.24,INDS
3000000000.0,7716916818.0,-4716916818.0,,7180567459.0,-55208949938.0,-13500000.0,-55222449938,0.0,-55222449938,-54755680968,-126.09,INDX
2962860901.0,2321645585.0,641215316.0,,133158938.0,265076418.0,-167214229.0,97862189,,97862189,98216565,0.0154,INDY
3335441.0,2131711.0,1203730.0,153051.0,156632.0,735755.0,-147549.0,588206,,588206,593101,0.11,INKP
,,,,130995.0,74336.0,-20716.0,53620,,53620,79198,79198.0,INPC
770398351932.0,275968493160.0,494429858772.0,42078197130.0,323731441953.0,129860412347.0,-6966143093.0,122894269254,,122894269254,129545853851,6.82,INPP
318326593222.0,261768099866.0,56558493356.0,2625072218.0,39077375888.0,-9067676894.0,-2196958334.0,-11264635228,,-11264635228,-8947288608,-18.5,INPS
121223.0,104597.0,16626.0,2219.0,9671.0,4565.0,-629.0,3936,,3936,4878,0.002834,INRU
2780040.0,2405679.0,374361.0,97950.0,250621.0,-297111.0,-102415.0,-399526,,-399526,-380868,-106.0,INTA
82434741654.0,63763709414.0,18671032240.0,16897473721.0,,2755865468.0,-1026230481.0,1729634987,,1729634987,2573667861,2.0,INTD
15190283.0,10821254.0,4369029.0,2609612.0,712938.0,1400228.0,-254291.0,1145937,,1145937,1241944,0.00031129180568837653,INTP
521835612103.0,271837460148.0,249998151955.0,,58783365097.0,220552588267.0,-50371777034.0,170180811233,,170180811233,170180811233,144.23,IPCC
727051393.0,499772158.0,227279235.0,,101128063.0,120832796.0,-48025570.0,72807226,,72807226,72807226,51.1,IPCM
211572897.0,170410316.0,41162581.0,10035983.0,18127997.0,7638710.0,-2564781.0,5073929,,5073929,2238592,0.0007533920659522649,IPOL
23139551.0,,,,,-2663543.0,578484.0,-2085059,0.0,-2085059,-1861134,-442.38,ISAT
4467590.0,3935894.0,531696.0,110556.0,149591.0,59640.0,-10899.0,48741,,48741,74475,6.89,ISSP
24213.0,,24213.0,,240746.0,10915428.0,,10915428,,10915428,10911759,0.0161,ITMA
2007630.0,1423671.0,583959.0,122390.0,29519.0,367363.0,-108607.0,258756,,258756,260749,0.24,ITMG
0.0,0.0,0.0,0.0,8455994241.0,-25312148205.0,1046146779.0,-24266001426,0.0,-24266001426,-24003088926,-17.6,ITTG
745508896455.0,730074322122.0,15434574333.0,22618417851.0,46764618899.0,-304298161786.0,4151167034.0,-300146994752,,-300146994752,-267151607669,-79.07,JAWA
3207579964.0,2869855190.0,337724774.0,65078695.0,61199097.0,122048569.0,-33619690.0,88428879,,88428879,94495682,584.83,JECC
288471478784.0,131408282106.0,157063196678.0,21483321004.0,95976687106.0,-16147305240.0,,-16147305240,,-16147305240,-13764532157,-0.72,JGLE
1457372082.0,388728676.0,1068643406.0,38092305.0,975123094.0,196248605.0,-37869903.0,158378702,,158378702,168176775,6.35,JIHD
5157266424.0,4292248458.0,865017966.0,153567236.0,382695600.0,320148629.0,-51919617.0,268229012,,268229012,273976625,16.31,JKON
156504840.0,111736475.0,44768365.0,16077004.0,9451929460.0,,,-48588147020,,-48588147020,-48588147020,-323.92,JKSW
34012965.0,26804578.0,7208387.0,836629.0,2647489.0,3089839.0,-836638.0,2253201,,2253201,2433191,187.0,JPFA
2330550693.0,959866104.0,1370684589.0,365817293.0,-112168528.0,1081417358.0,-31671597.0,1049745761,,1049745761,1054538394,75.14,JRPT
424705152035.0,331223727160.0,93481424875.0,5191761066.0,36135054807.0,30459552801.0,-6757146989.0,23702405812,,23702405812,23709195859,24.0,JSKY
9784489441.0,,,,,3210306909.0,-1173815874.0,2036491035,,2036491035,2085699247,303.48,JSMR
1535734281.0,398294378.0,1137439903.0,35875228.0,570668928.0,523521675.0,-56625346.0,466896329,,466896329,476229536,129.0,JSPT
1269759234189.0,991874760024.0,277884474165.0,40386642833.0,70097895345.0,160136680625.0,-39586615821.0,120550064804,,120550064804,120911261572,65.53,JTPE
7454114741189.0,4673936445914.0,2780178295275.0,,2206877737030.0,577726327511.0,-175933518563.0,401792808948,,401792808948,775702104126,74.88,KAEF
6323645.0,4002019.0,2321626.0,366431.0,1067136.0,956076.0,-228828.0,727248,,727248,719674,0.00124,KARW
4239937390001.0,3693396602004.0,546540787997.0,82985482355.0,93718430853.0,308977208238.0,-73326145035.0,235651063203,,235651063203,276292254502,62.58,KBLI
1243465775218.0,1122034987713.0,121430787505.0,11384032435.0,39750590835.0,64508435214.0,-23833338586.0,40675096628,,40675096628,40925940610,36.0,KBLM
901216.0,1066879.0,-165663.0,185120.0,1276696.0,-3529142.0,-658292.0,-4187434,,-4187434,-4373934,-2008.0,KBLV
2871460630.0,48177398333.0,-45305937703.0,57012790.0,8948480002.0,-116395838022.0,-8372059521.0,-124767897543,,-124767897543,-123372929643,-14.2,KBRI
2327951625610.0,1994235755807.0,333715869803.0,101260138178.0,95452857234.0,103955745914.0,-27193843703.0,76761902211,,76761902211,69631528292,189.54,KDSI
875963168811.0,877844471178.0,-1881302367.0,11375050784.0,76760338859.0,-95039015931.0,15832547226.0,-79206468705,,-79206468705,-71893063455,4.97,KIAS
86916161329.0,68106230820.0,18809930509.0,1466038067.0,17171405861.0,-1112421557.0,238678898.0,-873742659,,-873742659,3151162906,-3.17,KICI
2711870473438.0,1532846064249.0,1179024409189.0,99149800244.0,442973236212.0,85429279335.0,-18328876392.0,67100402943,,67100402943,115286125452,1.97,KIJA
3611694059699.0,1968473595847.0,1643220463852.0,1132904245611.0,274289506550.0,200385373873.0,-50269328831.0,150116045042,,150116045042,179025676787,105.0,KINO
2567255187035.0,2514491081129.0,52764105906.0,1217378698.0,27848466361.0,3379070964.0,-1819124064.0,1559946900,,1559946900,1077556781,7.99,KIOS
56942510.0,43958066.0,12984444.0,1501878.0,9011491.0,1119843.0,-644243.0,475600,,475600,-1243336,0.0001,KKGI
21074306186027.0,11226380392484.0,9847925793543.0,5098823973870.0,1191705459131.0,3306399669021.0,-809137704264.0,2497261964757,,2497261964757,2552706945624,52.42,KLBF
10161868104470.0,9483784035378.0,678084069092.0,141138659017.0,270409868948.0,39218133343.0,-37632984672.0,1585148671,,1585148671,6265429680,0.21,KMTR
101498594.0,81484791.0,20013803.0,4788699.0,8513093.0,5237495.0,-2108051.0,3129444,,3129444,2879948,0.0013,KOBX
1750649236912.0,1506613211796.0,244036025116.0,154436007434.0,91582145300.0,-8325461068.0,-1667551840.0,-9993012908,,-9993012908,-8484811978,-10.19,KOIN
147155612866.0,118304925758.0,28850687108.0,22749511219.0,5883938194.0,-5921111434.0,-892696303.0,-6813807737,,-6813807737,-5530293487,-45.0,KONI
83189398933.0,52701997652.0,30487401281.0,17812405375.0,23358326825.0,-65394559543.0,14442148602.0,-50952410941,,-50952410941,-50665456018,-72.78,KOPI
152025228123.0,87992837976.0,64032390147.0,,27047602066.0,1956468122.0,-561643318.0,1394824804,,1394824804,7652554954,2.0,KPAL
73286561591.0,46041804323.0,27244757268.0,6615441680.0,10227719408.0,1442572362.0,-642425671.0,800146691,0.0,800146691,8878971364,1.42,KPAS
992453478256.0,566371818087.0,426081660169.0,30845922536.0,325667025330.0,696180093193.0,-30701412823.0,665478680370,,665478680370,584693825991,17.25,KPIG
259860630988.0,258174423695.0,1686207293.0,9326427616.0,29670231462.0,-66997053378.0,265696191.0,-66731357187,,-66731357187,-66700979239,-68.68,KRAH
1739535.0,1580697.0,158838.0,29187.0,131313.0,-81400.0,4237.0,-77163,,-77163,-52596,-0.0039,KRAS
7210108479931.0,6453396467617.0,756712012314.0,,,762330317603.0,-33802499650.0,728527817953,,728527817953,727451646257,27.65,KREN
67492602150.0,,,,,25692050604.0,-1687315054.0,24004735550,,24004735550,24024729550,12.21,LAND
105536904.0,155737845.0,-50200941.0,,10007338.0,-407457164.0,154175.0,-407302989,,-407302989,-406626808,-61.66,LAPD
26892851.0,25399154.0,1493697.0,,3905125.0,-45079296.0,-302117.0,-45381413,,-45381413,-45468487,-0.011251,LEAD
3728364.0,774797.0,2953567.0,222697.0,1588389.0,1120496.0,-331578.0,788918,,788918,803997,269.0,LINK
424128420727.0,268502935903.0,155625484824.0,49754003266.0,91731984604.0,23908625171.0,-9228951178.0,14679673993,,14679673993,30665874058,28.0,LION
167097354227.0,110313637405.0,56783716822.0,3458457123.0,19286204113.0,3948738548.0,-5271354737.0,-1322616189,,-1322616189,-1269007213,-3.38,LMAS
455555959093.0,405891106620.0,49664852473.0,17836864657.0,50794892063.0,-58874992358.0,12484288068.0,-46390704290,,-46390704290,-45765663055,46.0,LMPI
240029648845.0,225148051789.0,14881597056.0,2520389948.0,9616980696.0,5024560665.0,-2137833275.0,2886727390,,2886727390,4030205213,30.0,LMSH
2124392.0,869943.0,1254449.0,249311.0,136709.0,2054699.0,-27338.0,2027361,0.0,2027361,2021065,2818.0,LPCK
,,,,140384182320.0,78093636746.0,-9406512963.0,68687123783,,68687123783,-154968828143,458.0,LPGI
95212682098.0,71669536050.0,23543146048.0,5193699887.0,15386823702.0,35132528263.0,-2376697675.0,32755830588,,32755830588,34108577088,308.0,LPIN
10879198.0,5804962.0,5074236.0,651562.0,2935905.0,2060165.0,-397480.0,1662685,,1662685,1541781,31.62,LPKR
83375.0,42972.0,40403.0,24698.0,59897.0,-60457.0,-1488.0,-61945,,-61945,-325768,-52.93,LPLI
10245173.0,3867104.0,6378069.0,2067694.0,1980597.0,1575321.0,-477989.0,1097332,,1097332,1146299,377.0,LPPF
,,,,38940512526.0,36602219324.0,,36602219324,,36602219324,36460832823,14.14,LPPS
102242420595.0,94195593541.0,8046827054.0,,39825136641.0,-28326165609.0,-1547903207.0,-29874068816,,-29874068816,55397406511,158.28,LRNA
4019846.0,3336813.0,683033.0,79625.0,293455.0,417052.0,-87626.0,329426,,329426,408576,49.0,LSIP
7076493.0,5787390.0,1289103.0,386321.0,452479.0,308160.0,-75019.0,233141,0.0,233141,316319,131.0,LTLS
102737452478.0,77802377037.0,24935075441.0,2563373021.0,18282211313.0,3970623682.0,-1689934398.0,2280689284,,2280689284,164182503,5.0,LUCK
120002776253.0,53286912400.0,66715863853.0,2769315951.0,84317624999.0,-204741637298.0,-1068177223.0,-205809814521,,-205809814521,-201396563411,-13.22,MABA
6705892735.0,5763691018.0,942201717.0,173371163.0,359091312.0,398187122.0,-113940244.0,284246878,,284246878,294923154,127.0,MAIN
120719047383.0,67640379350.0,53078668033.0,6507018221.0,27315292488.0,7711310670.0,-1670168949.0,6041141721,0.0,6041141721,6353936554,0.76,MAMI
6245547.0,3417869.0,2827678.0,1737799.0,223243.0,585772.0,-232451.0,353321,,353321,363364,135.0,MAPA
2516894.0,716335.0,1800559.0,1403438.0,225044.0,171232.0,-50702.0,120530,,120530,124660,56.0,MAPB
18921123.0,9869417.0,9051706.0,6437518.0,1108675.0,1173417.0,-359501.0,813916,,813916,883771,44.0,MAPI
145199181169.0,,145199181169.0,,92602126752.0,49211803294.0,-16249962910.0,32961840384,,32961840384,34286637609,6.66,MARI
325472602675.0,,,,,111210294119.0,-29304854457.0,81905439662,,81905439662,82294005202,92.77,MARK
301847663.0,273423513.0,28424150.0,21322170.0,11563583.0,-24042486.0,-3345760.0,-27388246,9479751.0,-17908495,-20309722,-0.003,MASA
,,,,1424682.0,600930.0,-163518.0,437412,,437412,517896,76.66,MAYA
258138029.0,157198318.0,100939711.0,23766676.0,10377335.0,67621314.0,-17310612.0,50310702,,50310702,50446379,0.040999999999999995,MBAP
75376517.0,70523664.0,4852853.0,103772.0,9569086.0,-16748868.0,,-16748868,,-16748868,-16265556,-0.0098,MBSS
502517714607.0,288808650976.0,213709063631.0,250979367019.0,103765098590.0,-155155168378.0,41024141531.0,-114131026847,,-114131026847,-112242865670,-106.66452199065421,MBTO
6356090709193.0,6184713509622.0,171377199571.0,8907972153.0,60619143356.0,282086845213.0,-27122365362.0,254964479851,,254964479851,255299298244,373.0,MCAS
,,,,227252.0,135618.0,-45758.0,89860,,89860,72363,5.4,MCOR
1819777135.0,815696633.0,1004080502.0,,677780297.0,-110740655.0,-26169651.0,-136910306,,-136910306,-127699114,-3.59,MDIA
293882260.0,155120396.0,138761864.0,,15546095.0,86770459.0,-28902965.0,57867494,,57867494,86213961,0.0128,MDKA
399193.0,320304.0,78889.0,13529.0,30022.0,44033.0,-10245.0,33788,,33788,99060,13.0,MDKI
2124202844845.0,1038763795301.0,1085439049544.0,78887689229.0,472033460760.0,131783532123.0,-106517668262.0,25265863861,0.0,25265863861,20036984233,2.04,MDLN
84328624580.0,48918330110.0,35410294470.0,28235625517.0,58671093315.0,-37594744034.0,-982720388.0,-38577464422,,-38577464422,-38264645422,-8.1,MDRN
1218251548.0,586075961.0,632175587.0,20199351.0,140461441.0,198836390.0,-196480990.0,2355400,-30728336.0,-28372936,-19580324,-0.0011633879983566347,MEDC
,,,92024856804.0,1676330808276.0,2002020595565.0,-402673977114.0,1599346618451,,1599346618451,1368056155399,230.0,MEGA
611958076.0,400270367.0,211687709.0,127981747.0,40162239.0,50208396.0,-12830660.0,37377736,1125946429.0,1163324165,1168442960,84.0,MERK
781768203492.0,330662151517.0,451106051975.0,,217210800537.0,329151662697.0,-112065961581.0,217085701116,,217085701116,215702333044,12.08,META
,,,,725937.0,445604.0,-112258.0,333346,,333346,325443,126.0,MFIN
121776463361.0,62440220692.0,59336242669.0,,26531667689.0,34539454566.0,-8029327765.0,26510126801,,26510126801,26358113051,35.0,MFMI
2001284460551.0,1740556023277.0,260728437274.0,20570729261.0,86878580987.0,106698175343.0,-22526055980.0,84172119363,,84172119363,97853666158,26.69,MGRO
637904730815.0,282188603160.0,355716127655.0,,314144918983.0,44127315887.0,-11130119683.0,32997196204,,32997196204,36264013070,55.42,MICE
10701575.0,8022481.0,2679094.0,2204814.0,192863.0,207694.0,-48540.0,159154,,159154,188292,55.22,MIDI
2713087099834.0,1428785427219.0,1284301672615.0,47478505497.0,491351359932.0,850147997720.0,-191410690427.0,658737307293,,658737307293,752475592095,42.0,MIKA
11747175021.0,3376344304.0,8370830717.0,1185291729.0,10211606127.0,1815341369.0,151784503.0,1967125872,,1967125872,21278717,15.0,MINA
128781272003.0,105914508072.0,22866763931.0,,11235081670.0,-440765071.0,1032241612.0,591476541,,591476541,-4223777888,0.58,MIRA
34975091118.0,24039972221.0,10935118897.0,0.0,11012409729.0,11007673676.0,-1939794085.0,9067879591,-1584903170.0,7482976421,-6934825406,5.3,MITI
4748403735514.0,4610339077710.0,138064657804.0,0.0,151271984812.0,9823131713.0,-11249456492.0,-1426324779,0.0,-1426324779,-7466976131,-1.4482553934,MKNT
2217086119506.0,,,,,1166690724883.0,-148131188064.0,1018559536819,,1018559536819,1029941012819,1086.24,MKPI
3649615.0,1186908.0,2462707.0,610693.0,198772.0,1671912.0,-447105.0,1224807,0.0,1224807,1228041,581.0,MLBI
14982244.0,12171996.0,2810248.0,961657.0,2399397.0,-1558063.0,-52957.0,-1611020,-9145.0,-1620165,-1504573,-98.0,MLPL
2435494.0,2164838.0,270656.0,71787.0,85407.0,120074.0,-35655.0,84419,,84419,90059,53.0,MLPT
299234087.0,25395621.0,273838466.0,,57539108.0,281345367.0,-32250.0,281313117,,281313117,281176297,32.0,MMLP
7443905.0,2825002.0,4618903.0,,1879140.0,2103569.0,-497948.0,1605621,,1605621,1629626,107.27,MNCN
1190490137.0,764518643.0,425971494.0,159340992.0,116730198.0,129117520.0,-34873523.0,94243997,,94243997,101959094,39.0,MOLI
15893585.0,14741445.0,1152140.0,,943831.0,225502.0,-178771.0,46731,3655104.0,3701835,3853779,1.0,MPMX
58616271.0,27360914.0,31255357.0,,9956185.0,3351654.0,-288360.0,3063294,,3063294,115427,4.0,MPOW
10692363.0,9210950.0,1481413.0,419089.0,1672033.0,-1070666.0,172394.0,-898272,,-898272,-826004,-143.0,MPPA
42419068.0,28164665.0,14254403.0,2575484.0,24308115.0,-41436360.0,-1063448.0,-42499808,,-42499808,-42233598,-0.01,MPRO
300572751733.0,126237236215.0,174335515518.0,121854966846.0,43793006242.0,1877100535.0,-4133577032.0,-2256476497,,-2256476497,1242582776,-5.27,MRAT
,,,,92573350892.0,161351271611.0,-20484116566.0,140867155045,,140867155045,82021845920,272.0,MREI
1509601.0,1083699.0,425902.0,,121813.0,277509.0,-65448.0,212061,,212061,213126,50.29,MSIN
2583238.0,2425281.0,157957.0,59640.0,69296.0,-298389.0,70275.0,-228114,,-228114,-131154,-25.2,MSKY
12713412.0,11705677.0,1007735.0,,431907.0,579270.0,-153186.0,426084,,426084,442091,117.0,MTDL
576369073153.0,,,,,11779940857.0,-3043318328.0,8736622529,5117227768.0,13853850297,13659778540,0.16,MTFN
1378861622.0,530443388.0,848418234.0,82394493.0,235080850.0,570134003.0,-62906224.0,507227779,,507227779,511352185,62.93,MTLA
110101064744.0,82752671167.0,27348393577.0,,8690464404.0,20249961826.0,-1678939437.0,18571022389,,18571022389,18959740192,12.74,MTPS
28051942672.0,22272604354.0,5779338318.0,84534669.0,10880669090.0,-4768220253.0,-2174909162.0,-6943129415,,-6943129415,-6773263691,-29.79,MTSM
,,,,34127983786.0,-1655851633.0,832735609.0,-823116024,0.0,-823116024,907382305,0.54,MTWI
241114622.0,190910970.0,50203652.0,,8651923.0,41447529.0,-10518865.0,30928664,,30928664,29539410,0.013999999999999999,MYOH
24060802395725.0,17664148865078.0,6396653530647.0,3045558342082.0,723203180559.0,2381942198855.0,-621507918551.0,1760434280304,,1760434280304,1804748133197,77.0,MYOR
1211102677631.0,684734747827.0,526367929804.0,27732557825.0,81300295292.0,178980119619.0,-30186387590.0,148793732029,,148793732029,148307842375,1.12,MYRX
2327448.0,2313073.0,14375.0,51780.0,45973.0,-192342.0,22107.0,-170235,,-170235,-141251,-111.0,MYTX
,,,,22001.0,12276.0,-3315.0,8961,,8961,-16751,5.500889794352363,NAGA
16297795249.0,3807414930.0,12490380319.0,543800435.0,5866014101.0,257706783.0,,257706783,,257706783,257706783,0.26,NASA
23017235774.0,,,,,5169231019.0,-2110035212.0,3059195807,,3059195807,3059195807,0.5096298865,NATO
236020877647.0,154144486292.0,81876391355.0,0.0,25919236625.0,57240726938.0,-4488060203.0,52752666735,,52752666735,52332718244,22.43,NELY
2489674657427.0,2446994647355.0,42680010072.0,5740299477.0,21063480327.0,28463884640.0,-6048753550.0,22415131090,,22415131090,23063203205,72.22,NFCX
8156455812.0,,8156455812.0,,2381215474.0,7278255810.0,,7278255810,,7278255810,7303454810,13.0,NICK
163135351.0,154767223.0,8368128.0,3017225.0,3621026.0,-1755985.0,218723.0,-1537262,,-1537262,-1537262,-0.0006,NIKL
461094379950.0,,,,,-27524543903.0,-7528529555.0,-35053073458,,-35053073458,-35183400198,-2.41,NIRO
,,,,2895481.0,3485834.0,-847770.0,2638064,,2638064,2643900,114.97,NISP
,,,,228904.0,43444.0,1304.0,44748,,44748,22431,10.08,NOBU
2456969219251.0,2205848044327.0,251121174924.0,,125722852333.0,190503075108.0,-72535124887.0,117967950221,,117967950221,103055982990,48.0,NRCA
13819525860.0,20021770307.0,-6202244447.0,604739712.0,12290265054.0,-14527944029.0,13851690.0,-14514092339,,-14514092339,-14507532079,-2582832.0,NUSA
22829336499.0,20373044769.0,2456291730.0,79054955.0,4213109678.0,-4696883.0,-753645787.0,-758342670,,-758342670,-731812670,-2.0,OASA
9765067232.0,,9765067232.0,,27018023486.0,-25166315673.0,1828303.0,-25164487370,-1617623849.0,-26782111219,-26101698522,-92.11,OCAP
137732195.0,117831092.0,19901103.0,5020875.0,6205185.0,-6201438.0,-718524.0,-6919962,,-6919962,-6663801,-0.0003,OKAS
156507546904.0,97138872545.0,59368674359.0,5232642187.0,145556979826.0,132321724644.0,1644292973.0,133966017617,,133966017617,144577610420,78.0,OMRE
,,,1703506997.0,48033757907.0,14384120051.0,6827807962.0,21211928013,,21211928013,38907989105,1.88,PADI
446646667.0,332520353.0,114126314.0,8095608.0,129384053.0,-86687171.0,-24811597.0,-111498768,,-111498768,-115284499,-15.685500279717393,PALM
294974459837.0,280921903141.0,14052556696.0,10402688202.0,,1854853044.0,-679686215.0,1175166829,,1175166829,656032579,3.84,PANI
2036941584.0,1667451739.0,369489845.0,36504479.0,296140931.0,-18812759.0,-6224041.0,-25036800,,-25036800,-23782998,-32.02,PANR
,,,170234211817.0,49330270333.0,117383373968.0,-30657234083.0,86726139885,,86726139885,87991397840,118.38,PANS
4353287585.0,3733538921.0,619748664.0,120496081.0,142708809.0,385050642.0,-87421727.0,297628915,,297628915,306090533,157.07,PBID
358691115030.0,285193715976.0,73497399054.0,,41096167902.0,51049302044.0,-8785013971.0,42264288073,,42264288073,43555363993,28.0,PBSA
176509268479.0,168167824721.0,8341443758.0,4086802918.0,14641895735.0,-7468892901.0,-916274614.0,-8385167515,,-8385167515,-7415991583,-6.92,PCAR
,,,,17724445540.0,58848999107.0,-2913508932.0,55935490175,,55935490175,55935490175,31.59,PEGE
1022969624.0,439945331.0,583024293.0,269026064.0,120287617.0,177569720.0,-44277206.0,133292514,,133292514,155846275,158.0,PEHA
3870266738.0,2560766539.0,1309500199.0,437777037.0,251687465.0,584904285.0,-220265625.0,364638660,,364638660,336835984,0.013000000000000001,PGAS
22216420431.0,12706184978.0,9510235453.0,8285542030.0,7681689920.0,7723632720.0,-3423632033.0,4300000687,,4300000687,4941277467,10.13,PGLI
776045443574.0,683773216728.0,92272226846.0,8903328245.0,24505982233.0,17802088413.0,-2071680067.0,15730408346,,15730408346,17649041581,31.05,PICO
1283885459736.0,599652649860.0,684232809876.0,44461482617.0,234999319589.0,358180178849.0,-135833113027.0,222347065822,,222347065822,218605804373,140.0,PJAA
6825414.0,5581947.0,1243467.0,52675.0,1872107.0,-169647.0,-3660202.0,-3829849,,-3829849,-3744283,-7.0,PKPK
26883409966.0,,,,,1384349368.0,-971135928.0,413213440,,413213440,413213440,-1.83,PLAS
1689647742.0,633186975.0,1056460767.0,,482761763.0,183001799.0,31532505.0,214534304,,214534304,225933553,65.8,PLIN
,,,,1870513.0,4572779.0,-1385622.0,3187157,,3187157,3936657,129.22,PNBN
,,,5515967.0,210468870.0,21412387.0,-624158.0,20788229,,20788229,21277297,1.14,PNBS
,,,,436603.0,686013.0,-2120.0,683893,1456484.0,2140377,2363475,310.95,PNIN
,,,,222230.0,1995124.0,-1736.0,1993388,,1993388,1957051,57.13,PNLF
218406865725.0,97595656696.0,120811209029.0,69540789739.0,,-7361578252.0,-2699276526.0,-10060854778,,-10060854778,-2446692874,-15.0,PNSE
,,,,7079432700.0,33473291733.0,-3850295108.0,29622996625,,29622996625,29708383688,11.25,POLA
408608024988.0,,,,,94312683417.0,-22082322422.0,72230360995,,72230360995,73923237815,104.0,POLI
928461683975.0,557954958885.0,370506725090.0,41139800485.0,97401096667.0,252221057589.0,-23150300866.0,229070756723,0.0,229070756723,230386788150,12.55,POLL
479184685.0,438245764.0,40938921.0,9026565.0,18121041.0,15255817.0,-2423557.0,12832260,,12832260,13815361,0.006,POLY
298410987.0,,298410987.0,,50502250010.0,-54264658240.0,-6600396754.0,-60865054994,,-60865054994,-50933288251,-23.38,POOL
1197858202.0,837078232.0,360779970.0,,285553535.0,-3033365.0,-39171746.0,-42205111,,-42205111,-30840971,0.26,PORT
574107058.0,358716039.0,215391019.0,,57132823.0,126618701.0,-47725320.0,78893381,,78893381,80041194,0.0049,POWR
3051576001069.0,,,,,446640930821.0,-14342772836.0,432298157985,,432298157985,469070091339,32.0,PPRE
2556174514577.0,1893598010855.0,662576503722.0,,147956459324.0,501224252590.0,-4440755769.0,496783496821,,496783496821,604770296377,8.39,PPRO
574869742811.0,470815409065.0,104054333746.0,6182692724.0,35334052760.0,8159520050.0,-1802359088.0,6357160962,,6357160962,6357160962,9.06,PRAS
1599757.0,656946.0,942811.0,46168.0,724249.0,221693.0,-46243.0,175450,,175450,254665,187.15,PRDA
204794915533.0,138013623610.0,66781291923.0,,44572396564.0,23127277959.0,-5826405015.0,17300872944,,17300872944,17800944921,6.0,PRIM
222600886.0,105729908.0,116870978.0,,49615680.0,29156544.0,-10009183.0,19147361,,19147361,19890379,0.0006,PSAB
1334070483011.0,1187091634641.0,146978848370.0,17654476268.0,131833913472.0,-21727981555.0,-24871445033.0,-46599426588,,-46599426588,-41264215665,-43.22,PSDN
75625195827.0,34302559618.0,41322636209.0,,60471887783.0,-20926861723.0,760217992.0,-20166643731,,-20166643731,-20166643731,-3.04,PSKT
63563972.0,47294201.0,16269771.0,0.0,5075174.0,15518187.0,-1505171.0,14013016,0.0,14013016,14124439,0.0028,PSSI
21166993.0,12621200.0,8545793.0,841188.0,1756352.0,6858075.0,-1736963.0,5121112,,5121112,5861571,477.0,PTBA
12195126.0,7467420.0,4727706.0,517977.0,2642429.0,172508.0,-53154.0,119354,,119354,155531,0.0002,PTIS
25119560112231.0,21573636305880.0,3545923806351.0,917519561768.0,235959007193.0,2003090738328.0,-44097678968.0,1958993059360,,1958993059360,2116608942493,242.0,PTPP
465742.0,392623.0,73119.0,,20902.0,34520.0,-11354.0,23166,,23166,23399,0.0228,PTRO
384574312.0,358020006.0,26554306.0,496968.0,10087640.0,16391910.0,-4391541.0,12000369,,12000369,12608200,0.00811,PTSN
626810129.0,237999381.0,388810748.0,270495551.0,72858548.0,28405767.0,-8679398.0,19726369,,19726369,17703686,78.22,PTSP
86467331474.0,32966149356.0,53501182118.0,3555678872.0,42757569607.0,7078797960.0,-1351998010.0,5726799950,,5726799950,5225723370,17.3828,PUDP
7080668385.0,3030359584.0,4050308801.0,217255435.0,374144344.0,2853882334.0,-26946121.0,2826936213,0.0,2826936213,2851348911,52.8,PWON
250445853364.0,99342305409.0,151103547955.0,105483095056.0,32482299920.0,11317263776.0,-2869815788.0,8447447988,,8447447988,10071560089,15.79,PYFA
3573974086004.0,1181118333193.0,2392855752811.0,1997392394279.0,179802826819.0,232137383955.0,-59041623390.0,173095760565,,173095760565,201066629674,61.0,PZZA
118108044.0,97600789.0,20507255.0,,14282428.0,15068486.0,-2634609.0,12433877,,12433877,12577797,0.0028,RAJA
5739553.0,3232948.0,2506605.0,425171.0,1473612.0,717172.0,-130067.0,587105,,587105,602033,87.33,RALS
2355625271907.0,1760399334375.0,595225937532.0,350121343001.0,234627546530.0,59877255323.0,-9910270579.0,49966984744,,49966984744,51263754556,32.0,RANC
183045980412.0,99032078159.0,84013902253.0,13097629796.0,48235555167.0,7417078301.0,-2013525653.0,5403552648,,5403552648,5782475696,1.38,RBMS
400870293046.0,109225790262.0,291644502784.0,70741773393.0,,268959868154.0,-420126022.0,268539742132,-1155171309.0,267384570823,269784513505,995.0,RDTX
,,,,50924617466.0,-11883320470.0,-2283819826.0,-14167140296,,-14167140296,-17413415770,-7.87,RELI
2107868384272.0,1757395964083.0,350472420189.0,138012338876.0,82559911864.0,29841866355.0,-11361489897.0,18480376458,,18480376458,16723266880,18.28,RICY
28296650.0,33033814.0,-4737164.0,,3039077.0,-8451003.0,-79669.0,-8530672,,-8530672,-8416637,-0.013999999999999999,RIGS
509524574232.0,312001863751.0,197522710481.0,18067488905.0,69725265341.0,117343452330.0,-927764008.0,116415688322,,116415688322,116815982942,2.81,RIMO
251190687395.0,140777186771.0,110413500624.0,12438072133.0,72909417350.0,96800110838.0,-5271032973.0,91529077865,,91529077865,91678834283,10.0,RISE
21923057.0,19258783.0,2664274.0,1989393.0,928055.0,-324590.0,-283873.0,-608463,,-608463,-557699,-16.72,RMBA
234734239697.0,,,,,-15445182364.0,15547271363.0,102088999,,102088999,1044499360,0.11,RODA
2766545866684.0,1274332759465.0,1492213107219.0,976075541127.0,377678002490.0,186936324915.0,-59764888552.0,127171436363,,127171436363,136301090897,28.07,ROTI
1298117469650.0,1085490238792.0,212627230858.0,1880086550.0,122237013689.0,44579949867.0,-17524863414.0,27055086453,,27055086453,29518094561,35.14,RUIS
80713350908.0,58748542762.0,21964808146.0,,6546777207.0,-22172674202.0,1658652279.0,-20514021923,,-20514021923,-20572221486,-33.44,SAFE
952082106918.0,527029408951.0,425052697967.0,17902302418.0,231511012518.0,81698901417.0,-22815674708.0,58883226709,,58883226709,293829541728,9.98,SAME
229821404369.0,164406536636.0,65414867733.0,,66616456104.0,-32090466429.0,1021151976.0,-31069314453,,-31069314453,-30578866203,-64.28,SAPX
49045754191.0,29562935161.0,19482819030.0,1646311359.0,16579654778.0,-5535929378.0,1970441539.0,-3565487839,0.0,-3565487839,-3080005338,-4.31,SATU
1081911816.0,207019702.0,874892114.0,20409167.0,762067678.0,227327150.0,-35069250.0,192257900,,192257900,202437012,17.94,SCBD
5160182004111.0,4550035347390.0,610146656721.0,94339840899.0,161495669797.0,343024583828.0,-89029251172.0,253995332656,,253995332656,253621529047,1280.0,SCCO
5001848767.0,2157268552.0,2844580215.0,,905902194.0,1969018654.0,-493976454.0,1475042200,,1475042200,1464862884,101.55,SCMA
102990754237.0,90128262221.0,12862492016.0,31667650197.0,,-32862858199.0,2067079022.0,-30795779177,,-30795779177,-30315400836,-27.18,SDMU
2376182739151.0,2166026999864.0,210155739287.0,42305260589.0,102159744732.0,28590920205.0,-9146658136.0,19444262069,,19444262069,22041251819,15.26,SDPC
,,,,446769.0,734723.0,-196752.0,537971,,537971,542184,81.75,SDRA
3207181767.0,2516245999.0,690935768.0,99181683.0,249859566.0,143050457.0,-79442388.0,63608069,,63608069,82848905,31.0,SGRO
189817862304.0,42070450826.0,147747411478.0,5159792582.0,125444220313.0,2144847568.0,-428003502.0,1716844066,0.0,1716844066,1222066873,1.01,SHID
67453067.0,40890458.0,26562609.0,,4188886.0,16848242.0,-2390964.0,14457278,,14457278,14501742,0.004,SHIP
2763292.0,1338901.0,1424391.0,414048.0,202708.0,867837.0,-203988.0,663849,,663849,660668,44.6,SIDO
5964650.0,4035795.0,1928855.0,73204.0,1557135.0,166156.0,-139763.0,26393,,26393,16915,9.95,SILO
3000000000.0,716324097.0,2283675903.0,,4848416893.0,-10880888908.0,-3647501419.0,-14528390327,,-14528390327,-13198739327,-32.88,SIMA
14190099.0,11732276.0,2457823.0,655663.0,846398.0,206722.0,-384789.0,-178067,,-178067,-8773,-5.0,SIMP
3120459.0,2616017.0,504442.0,181958.0,194169.0,33989.0,-8055.0,25934,,25934,49176,19.37,SIPD
1953910957160.0,1728304112505.0,225606844655.0,73318364644.0,107643678040.0,20887453647.0,-4932821175.0,15954632472,,15954632472,17482116543,8.01,SKBM
1045029834378.0,777714919223.0,267314915155.0,116622116898.0,96526955566.0,39567679343.0,-7613548091.0,31954131252,0.0,31954131252,36017897922,46.69,SKLT
560767856390.0,363619058449.0,197148797941.0,27765944133.0,38043747777.0,121427473182.0,-58140753224.0,63286719958,,63286719958,64295988958,46.03,SKRN
4255450726.0,4234173473.0,21277253.0,,3169347547.0,-2711399126.0,637359180.0,-2074039946,,-2074039946,-2074039946,-4.0,SKYB
37391643.0,32758096.0,4633547.0,1713448.0,1338764.0,701504.0,-103731.0,597773,,597773,803138,208.0,SMAR
1995807528.0,1289162817.0,706644711.0,181053318.0,277293746.0,145356709.0,-69281988.0,76074721,,76074721,73564912,8.0,SMBR
10377729.0,8734391.0,1643338.0,1231473.0,403724.0,-684197.0,-143788.0,-827985,,-827985,-780601,-108.0,SMCB
539302125082.0,232770792735.0,306531332347.0,46393011052.0,142034848231.0,96845855180.0,-11455733777.0,85390121403,,85390121403,85903072895,7.05,SMDM
482446122.0,418642809.0,63803313.0,,41399798.0,12593132.0,-5179399.0,7413733,,7413733,3311677,0.002,SMDR
503385.0,501597.0,1788.0,,3916477.0,1647179.0,-109484.0,1537695,,1537695,2150833,208.0,SMMA
190410914134.0,150441544468.0,39969369666.0,,32146009065.0,84584567691.0,,84584567691,,84584567691,85267717248,24.32,SMMT
5661360114.0,2922477422.0,2738882692.0,343490605.0,855166574.0,950310489.0,-259686859.0,690623630,,690623630,707801637,31.1,SMRA
850640883028.0,723818187269.0,126822695759.0,,130890651096.0,-83064213010.0,13502140242.0,-69562072768,,-69562072768,-65987627371,-5.58,SMRU
3933353.0,2740108.0,1193245.0,198252.0,176609.0,828281.0,-194731.0,633550,,633550,651298,97.0,SMSM
132401822.0,83901849.0,48499973.0,,11917270.0,15309792.0,-1901313.0,13408479,,13408479,13602935,0.0019,SOCI
1977016177884.0,1025977849866.0,951038328018.0,401046137874.0,352904825769.0,162897913618.0,-39425366467.0,123472547151,,123472547151,125101777613,372.0,SONA
896972332330.0,790670845727.0,106301486603.0,942575583.0,80096918717.0,21576495406.0,-8320718051.0,13255777355,,13255777355,9607111760,28.87,SOSS
20292781632.0,,,,,-26312448090.0,291413500.0,-26021034590,,-26021034590,5294494941,-57.11,SOTS
2389268903462.0,2016338952379.0,372929951083.0,91129869306.0,71446846654.0,109673317782.0,-27440595513.0,82232722269,,82232722269,82414344052,39.0,SPMA
2268091163130.0,1708044062527.0,560047100603.0,99169399969.0,168015110380.0,267064941045.0,-63031172483.0,204033768562,,204033768562,207201197323,83.53,SPTO
806031479570.0,618688230326.0,187343249244.0,9689770423.0,260193131853.0,-96978233988.0,1377654792.0,-95600579196,,-95600579196,-87551270412,-7.95,SRAJ
1033945566.0,850167512.0,183778054.0,15644415.0,31978840.0,99413342.0,-14857309.0,84556033,,84556033,86165571,0.0041,SRIL
600986872.0,458091261.0,142895611.0,31998048.0,51111040.0,50845763.0,-12110671.0,38735092,,38735092,62282117,6.43,SRSN
,,,,129503.0,-6685056.0,550224.0,-6134832,,-6134832,-6133763,-2284.0,SRTG
3681834788101.0,2700901241365.0,980933546736.0,60337876440.0,643188873804.0,125167889151.0,-35334633567.0,89833255584,,89833255584,74611706386,8.102952738155626,SSIA
3710780545.0,,,,,340868812.0,-254097843.0,86770969,,86770969,123757849,9.05,SSMS
410244604874.0,398508313159.0,11736291715.0,9332114911.0,14602531455.0,1820189102.0,-708151185.0,1112037917,,1112037917,2784652907,1.0,SSTM
131833235355.0,108490084338.0,23343151017.0,553940223.0,5984906288.0,6029776900.0,-5856185860.0,173591040,,173591040,1072289452,0.004200242806552882,STAR
2826957323397.0,2207268926068.0,619688397329.0,168669440713.0,112859616510.0,324694650175.0,-69605764156.0,255088886019,,255088886019,258245878592,194.81,STTP
93849379.0,79094218.0,14755161.0,2034456.0,4748111.0,1310006.0,1957390.0,3267396,,3267396,4117916,0.0019100000000000002,SULI
1899775.0,478673.0,1421102.0,,166763.0,-1202338.0,-21505.0,-1223843,,-1223843,-1123505,-1076.0,SUPR
295852522716.0,168550991664.0,127301531052.0,,74678011689.0,-36034730327.0,7760429736.0,-28274300591,,-28274300591,-28329931841,-26.0,SURE
224862904994.0,187085808993.0,37777096001.0,8008629593.0,15051859627.0,4267207110.0,-1808371356.0,2458835754,,2458835754,2590803606,0.81,SWAT
741055147778.0,634564636997.0,106490510781.0,15921912428.0,30882772700.0,60866228487.0,-16889494487.0,43976734000,,43976734000,46274460023,32.0,TALF
15266069.0,15231124.0,34945.0,,922518.0,-3748253.0,-89745.0,-3837998,,-3837998,-3823218,0.0010199999999999999,TAMU
24645898975.0,,,,,1487026655.0,-534909204.0,952117451,,952117451,1130218942,0.05,TARA
241663924.0,433242207.0,-191578283.0,,109384235.0,-872192278.0,35372047.0,-836820231,,-836820231,-831099787,-389.81,TAXI
4318137.0,784082.0,3534055.0,,381463.0,1034285.0,-331653.0,702632,,702632,1772575,156.31,TBIG
8614889.0,6312129.0,2302760.0,241262.0,367312.0,1043045.0,-278665.0,764380,,764380,767355,141.84,TBLA
737231548.0,714062071.0,23169477.0,4254652.0,3505468.0,8503457.0,-2126016.0,6377441,,6377441,6377441,0.02,TBMS
2648754344347.0,1685791739001.0,962962605346.0,548089824378.0,229749812470.0,234625954664.0,-61576511908.0,173049442756,,173049442756,196574162185,861.0,TCID
267740050.0,227462663.0,40277387.0,5393824.0,5398984.0,18346130.0,-5413631.0,12932499,,12932499,13924984,0.00118,TDPM
29343068.0,27770709.0,1572359.0,116320.0,588270.0,610279.0,-165940.0,444339,,444339,381816,61.0,TELE
228089922.0,222629077.0,5460845.0,1718840.0,3533726.0,146640.0,-641603.0,-494963,,-494963,-195749,-0.0001,TFCO
45588322975.0,33151804541.0,12436518434.0,169212625.0,10244083316.0,2495414840.0,-122735007.0,2372679833,,2372679833,2351931411,0.7524664109090909,TGRA
,,,602601.0,18312821.0,37068150.0,-9231518.0,27836632,,27836632,28193845,25.78,TIFA
11049946.0,9372416.0,1677530.0,109809.0,820899.0,766482.0,-191669.0,574813,-43464.0,531349,636234,77.0,TINS
1042813378742.0,929157548246.0,113655830496.0,71467674399.0,32973039098.0,-37845576140.0,1368401625.0,-36477174515,,-36477174515,-36336925599,-36.05,TIRT
1055800.0,940378.0,115422.0,35661.0,40137.0,250802.0,-5093.0,245709,,245709,243973,0.0789,TKIM
130784.0,,,,,36405.0,-9426.0,26979,,26979,31921,182.03,TLKM
2320004608926.0,2091798107586.0,228206501340.0,,112747912121.0,4047544310.0,30770937143.0,34818481453,,34818481453,46469909197,30.0,TMAS
63362413566.0,44508397972.0,18854015594.0,2743277231.0,12556582796.0,3535135952.0,-897073514.0,2638062438,,2638062438,3200827913,7.1,TNCA
438444319.0,314348777.0,124095542.0,1024058.0,34661278.0,97281622.0,-29191826.0,68089796,,68089796,66475442,0.0188,TOBA
1457709956748.0,1228159266387.0,229550690361.0,48539076803.0,,82484786492.0,-51778054952.0,30706731540,,30706731540,29393476540,0.92,TOPS
2783482031.0,2339551181.0,443930850.0,,193648445.0,206897229.0,-2479150.0,204418079,,204418079,214511729,61.19,TOTL
2228260379884.0,1640546621356.0,587713758528.0,48073185424.0,145713740317.0,451998563901.0,-105305767799.0,346692796102,,346692796102,421445556190,33.59,TOTO
5867860.0,1541885.0,4325975.0,109271.0,399251.0,2951707.0,-751647.0,2200060,,2200060,2256796,43.0,TOWR
2543219.0,2152729.0,390490.0,38753.0,36976.0,254097.0,-71781.0,182316,,182316,182914,0.0102,TPIA
43873703.0,29916955.0,13956748.0,3529093.0,1879310.0,8132834.0,-526484.0,7606350,,7606350,7741476,0.0029,TPMA
3482706786.0,2906742330.0,575964456.0,,225013100.0,298027763.0,-69767565.0,228260198,,228260198,255005311,0.0059533,TRAM
3934382336.0,2557348518.0,1377033818.0,118458475.0,4936276271.0,-3703622286.0,867257693.0,-2836364593,,-2836364593,-2998522762,-2.36,TRIL
,,,35157380132.0,18385905495.0,89719969072.0,-29974840946.0,59745128126,,59745128126,65664711626,8.68,TRIM
1671866232277.0,1554326609879.0,117539622398.0,85626286055.0,83781183836.0,-12273399044.0,-4815575834.0,-17088974878,,-17088974878,-16650512886,-0.57,TRIO
860682351001.0,669828771279.0,190853579722.0,72856636031.0,76491446223.0,24305621702.0,-4640547008.0,19665074694,,19665074694,19823833435,5.66,TRIS
2630918557954.0,2410651375897.0,220267182057.0,76713767915.0,65789817356.0,36216675439.0,26977223660.0,63193899099,,63193899099,181757118636,23.0,TRST
,,,,6161924766.0,22954701497.0,-5323934681.0,17630766816,,17630766816,17692986832,22.04,TRUS
10088118830780.0,6246536620082.0,3841582210698.0,2632954167821.0,563767602908.0,727700178905.0,-187322033018.0,540378145887,,540378145887,553039101876,114.0,TSPC
,,,,61762594.0,22043997.0,-2209479.0,19834518,-5405038.0,14429480,-7722152,0.01,TUGU
13403619.0,,,,,686846.0,-125687.0,561159,,561159,573564,100.0,TURI
5472882.0,3516606.0,1956276.0,855358.0,196900.0,949018.0,-247411.0,701607,,701607,702345,60.0,ULTJ
350397369.0,317848397.0,32548972.0,7079658.0,10965183.0,28142043.0,-10861413.0,17280630,,17280630,15496798,0.0462,UNIC
103498145907.0,73406571770.0,30091574137.0,,5245232417.0,754073589.0,-247549814.0,506523775,,506523775,689753762,5.3,UNIT
1951840.0,1666844.0,284996.0,39387.0,399483.0,-1962444.0,113515.0,-1848929,369144.0,-1479785,-1460670,-954.97,UNSP
84624733.0,63422207.0,21202526.0,968142.0,3371034.0,15801719.0,-4303310.0,11498409,,11498409,12539901,2983.0,UNTR
41802073.0,20709800.0,21092273.0,7719088.0,3917171.0,12185764.0,-3076319.0,9109445,,9109445,9386195,1194.0,UNVR
332645100146.0,213596513813.0,119048586333.0,33710605886.0,22057443806.0,61143334907.0,-14922073211.0,46221261696,,46221261696,46221261696,30.88,URBN
1011253358.0,662534518.0,348718840.0,,,99806364.0,-18984480.0,80821884,,80821884,-63240512,4.28,VICO
,,,,13406900449.0,4793298009.0,-845640086.0,3947657923,,3947657923,-8003567762,2.72,VINS
2400197838.0,1010168027.0,1390029811.0,,1332657089.0,-1086791310.0,-24896552.0,-1111687862,,-1111687862,-1078510595,-66873.0,VIVA
2684419276973.0,2242168678855.0,442250598118.0,101150499541.0,109368327390.0,141989954853.0,-36521210266.0,105468744587,,105468744587,108507316383,25.38,VOKS
,,,2461490.0,29424606.0,-193294075.0,535169.0,-192758906,,-192758906,-193118379,-74.56,VRNA
5822504928390.0,5225748336784.0,596756591606.0,,78373881920.0,444780759202.0,-281966499.0,444498792703,,444498792703,469462853278,46.41,WEGE
159846792882.77774,92353501631.54074,67493291251.23702,2654347000.419355,44088744126.0,4852956130.240805,-1662231212.0,3190724918,,3190724918,2938810964,1.0,WEHA
972305391346.0,872653118697.0,99652272649.0,35555045193.0,98161336450.0,-21688367477.0,516319131.0,-21172048346,,-21172048346,-18948634346,-16.68,WICO
1405384153405.0,963851587401.0,441532566004.0,227987657468.0,161358630417.0,70730637719.0,-19587786800.0,51142850919,,51142850919,27145441554,24.33,WIIM
31158193498.0,27553466348.0,3604727150.0,10445343.0,775299502.0,2358628934.0,-285329070.0,2073299864,,2073299864,2213542969,193.02,WIKA
62750826.0,61792479.0,958347.0,228356.0,6722392.0,-35993851.0,-63329.0,-36057180,,-36057180,-35649302,-0.00603,WINS
,,,,699054.0,283420.0,-68237.0,215183,,215183,235812,61.81,WOMF
2101477235890.0,1362336935027.0,739140300863.0,135720162673.0,129993213604.0,324612407710.0,-82602301461.0,242010106249,,242010106249,530726375398,38.2,WOOD
8000149423527.0,6153867715706.0,1846281707821.0,7987878198.0,188491348950.0,1355548311604.0,-252075523422.0,1103472788182,,1103472788182,1315904712927,42.62,WSBP
48788950838822.0,39926332089924.0,8862618748898.0,51205890476.0,1616540079059.0,5536442504008.0,-916874798455.0,4619567705553,,4619567705553,4909055993057,291.95,WSKT
6930628258854.0,6048206381338.0,882421877516.0,2021579905.0,147854436872.0,619251303685.0,-132611129232.0,486640174453,,486640174453,490020360035,55.8,WTON
27409937674.0,,,,,3905012565.0,-920066395.0,2984946170,,2984946170,3016772915,16.0,YELO
412833362528.0,382766605903.0,30066756625.0,13052428374.0,14029166500.0,-9303410092.0,262083977.0,-9041326115,,-9041326115,-8942344198,-14.0,YPAS
,,,,6107856526.0,10937381179.0,500701864.0,11438083043,,11438083043,11079989690,6.0,YULE
17662805791.0,15091488607.0,2571317184.0,0.0,3009353973.0,-650682118.0,180126798.0,-470555320,0.0,-470555320,-326301483,-0.55,ZBRA
754552331141.0,482908390824.0,271643940317.0,49746517137.0,40104719839.0,143546283435.0,-33387467343.0,110158816092,,110158816092,109327015422,21.81,ZINC
456500893045.0,215829595139.0,240671297906.0,125965796626.0,43343706382.0,54184610067.0,-13512894179.0,40671715888,-7773458.0,40663942430,41027946306,126.0,ZONE
